fx_date,from_currency,to_currency,fx_rate
2020-12-26,USD,USD,1.0
2020-12-26,INR,USD,0.012517
2020-12-27,USD,USD,1.0
2020-12-27,INR,USD,0.012518
2020-12-28,USD,USD,1.0
2020-12-28,INR,USD,0.01251
2020-12-29,USD,USD,1.0
2020-12-29,INR,USD,0.012521
2020-12-30,USD,USD,1.0
2020-12-30,INR,USD,0.012538
2020-12-31,USD,USD,1.0
2020-12-31,INR,USD,0.012523
2021-01-01,USD,USD,1.0
2021-01-01,INR,USD,0.012519
2021-01-02,USD,USD,1.0
2021-01-02,INR,USD,0.01253
2021-01-03,USD,USD,1.0
2021-01-03,INR,USD,0.012519
2021-01-04,USD,USD,1.0
2021-01-04,INR,USD,0.012519
2021-01-05,USD,USD,1.0
2021-01-05,INR,USD,0.012511
2021-01-06,USD,USD,1.0
2021-01-06,INR,USD,0.012494
2021-01-07,USD,USD,1.0
2021-01-07,INR,USD,0.012481
2021-01-08,USD,USD,1.0
2021-01-08,INR,USD,0.012479
2021-01-09,USD,USD,1.0
2021-01-09,INR,USD,0.012476
2021-01-10,USD,USD,1.0
2021-01-10,INR,USD,0.012458
2021-01-11,USD,USD,1.0
2021-01-11,INR,USD,0.012468
2021-01-12,USD,USD,1.0
2021-01-12,INR,USD,0.012463
2021-01-13,USD,USD,1.0
2021-01-13,INR,USD,0.012472
2021-01-14,USD,USD,1.0
2021-01-14,INR,USD,0.012476
2021-01-15,USD,USD,1.0
2021-01-15,INR,USD,0.01246
2021-01-16,USD,USD,1.0
2021-01-16,INR,USD,0.012479
2021-01-17,USD,USD,1.0
2021-01-17,INR,USD,0.01248
2021-01-18,USD,USD,1.0
2021-01-18,INR,USD,0.012499
2021-01-19,USD,USD,1.0
2021-01-19,INR,USD,0.012495
2021-01-20,USD,USD,1.0
2021-01-20,INR,USD,0.012503
2021-01-21,USD,USD,1.0
2021-01-21,INR,USD,0.012513
2021-01-22,USD,USD,1.0
2021-01-22,INR,USD,0.012494
2021-01-23,USD,USD,1.0
2021-01-23,INR,USD,0.012488
2021-01-24,USD,USD,1.0
2021-01-24,INR,USD,0.012502
2021-01-25,USD,USD,1.0
2021-01-25,INR,USD,0.012494
2021-01-26,USD,USD,1.0
2021-01-26,INR,USD,0.012512
2021-01-27,USD,USD,1.0
2021-01-27,INR,USD,0.012498
2021-01-28,USD,USD,1.0
2021-01-28,INR,USD,0.012513
2021-01-29,USD,USD,1.0
2021-01-29,INR,USD,0.012522
2021-01-30,USD,USD,1.0
2021-01-30,INR,USD,0.012504
2021-01-31,USD,USD,1.0
2021-01-31,INR,USD,0.012494
2021-02-01,USD,USD,1.0
2021-02-01,INR,USD,0.012481
2021-02-02,USD,USD,1.0
2021-02-02,INR,USD,0.012483
2021-02-03,USD,USD,1.0
2021-02-03,INR,USD,0.01248
2021-02-04,USD,USD,1.0
2021-02-04,INR,USD,0.012492
2021-02-05,USD,USD,1.0
2021-02-05,INR,USD,0.01249
2021-02-06,USD,USD,1.0
2021-02-06,INR,USD,0.012498
2021-02-07,USD,USD,1.0
2021-02-07,INR,USD,0.012516
2021-02-08,USD,USD,1.0
2021-02-08,INR,USD,0.012524
2021-02-09,USD,USD,1.0
2021-02-09,INR,USD,0.012525
2021-02-10,USD,USD,1.0
2021-02-10,INR,USD,0.012508
2021-02-11,USD,USD,1.0
2021-02-11,INR,USD,0.012515
2021-02-12,USD,USD,1.0
2021-02-12,INR,USD,0.012517
2021-02-13,USD,USD,1.0
2021-02-13,INR,USD,0.012498
2021-02-14,USD,USD,1.0
2021-02-14,INR,USD,0.012478
2021-02-15,USD,USD,1.0
2021-02-15,INR,USD,0.012461
2021-02-16,USD,USD,1.0
2021-02-16,INR,USD,0.012466
2021-02-17,USD,USD,1.0
2021-02-17,INR,USD,0.012449
2021-02-18,USD,USD,1.0
2021-02-18,INR,USD,0.01246
2021-02-19,USD,USD,1.0
2021-02-19,INR,USD,0.012451
2021-02-20,USD,USD,1.0
2021-02-20,INR,USD,0.012446
2021-02-21,USD,USD,1.0
2021-02-21,INR,USD,0.012429
2021-02-22,USD,USD,1.0
2021-02-22,INR,USD,0.012415
2021-02-23,USD,USD,1.0
2021-02-23,INR,USD,0.012429
2021-02-24,USD,USD,1.0
2021-02-24,INR,USD,0.012411
2021-02-25,USD,USD,1.0
2021-02-25,INR,USD,0.012409
2021-02-26,USD,USD,1.0
2021-02-26,INR,USD,0.012428
2021-02-27,USD,USD,1.0
2021-02-27,INR,USD,0.012418
2021-02-28,USD,USD,1.0
2021-02-28,INR,USD,0.012435
2021-03-01,USD,USD,1.0
2021-03-01,INR,USD,0.012429
2021-03-02,USD,USD,1.0
2021-03-02,INR,USD,0.012449
2021-03-03,USD,USD,1.0
2021-03-03,INR,USD,0.012454
2021-03-04,USD,USD,1.0
2021-03-04,INR,USD,0.012447
2021-03-05,USD,USD,1.0
2021-03-05,INR,USD,0.012445
2021-03-06,USD,USD,1.0
2021-03-06,INR,USD,0.01244
2021-03-07,USD,USD,1.0
2021-03-07,INR,USD,0.012421
2021-03-08,USD,USD,1.0
2021-03-08,INR,USD,0.012415
2021-03-09,USD,USD,1.0
2021-03-09,INR,USD,0.012415
2021-03-10,USD,USD,1.0
2021-03-10,INR,USD,0.01242
2021-03-11,USD,USD,1.0
2021-03-11,INR,USD,0.012412
2021-03-12,USD,USD,1.0
2021-03-12,INR,USD,0.01241
2021-03-13,USD,USD,1.0
2021-03-13,INR,USD,0.01242
2021-03-14,USD,USD,1.0
2021-03-14,INR,USD,0.012422
2021-03-15,USD,USD,1.0
2021-03-15,INR,USD,0.012414
2021-03-16,USD,USD,1.0
2021-03-16,INR,USD,0.012425
2021-03-17,USD,USD,1.0
2021-03-17,INR,USD,0.012442
2021-03-18,USD,USD,1.0
2021-03-18,INR,USD,0.012456
2021-03-19,USD,USD,1.0
2021-03-19,INR,USD,0.012455
2021-03-20,USD,USD,1.0
2021-03-20,INR,USD,0.012473
2021-03-21,USD,USD,1.0
2021-03-21,INR,USD,0.01246
2021-03-22,USD,USD,1.0
2021-03-22,INR,USD,0.012473
2021-03-23,USD,USD,1.0
2021-03-23,INR,USD,0.012453
2021-03-24,USD,USD,1.0
2021-03-24,INR,USD,0.012469
2021-03-25,USD,USD,1.0
2021-03-25,INR,USD,0.01247
2021-03-26,USD,USD,1.0
2021-03-26,INR,USD,0.012474
2021-03-27,USD,USD,1.0
2021-03-27,INR,USD,0.012464
2021-03-28,USD,USD,1.0
2021-03-28,INR,USD,0.01247
2021-03-29,USD,USD,1.0
2021-03-29,INR,USD,0.01245
2021-03-30,USD,USD,1.0
2021-03-30,INR,USD,0.012467
2021-03-31,USD,USD,1.0
2021-03-31,INR,USD,0.012461
2021-04-01,USD,USD,1.0
2021-04-01,INR,USD,0.012469
2021-04-02,USD,USD,1.0
2021-04-02,INR,USD,0.012456
2021-04-03,USD,USD,1.0
2021-04-03,INR,USD,0.012453
2021-04-04,USD,USD,1.0
2021-04-04,INR,USD,0.012434
2021-04-05,USD,USD,1.0
2021-04-05,INR,USD,0.012435
2021-04-06,USD,USD,1.0
2021-04-06,INR,USD,0.012455
2021-04-07,USD,USD,1.0
2021-04-07,INR,USD,0.012447
2021-04-08,USD,USD,1.0
2021-04-08,INR,USD,0.012467
2021-04-09,USD,USD,1.0
2021-04-09,INR,USD,0.012473
2021-04-10,USD,USD,1.0
2021-04-10,INR,USD,0.012475
2021-04-11,USD,USD,1.0
2021-04-11,INR,USD,0.012465
2021-04-12,USD,USD,1.0
2021-04-12,INR,USD,0.012469
2021-04-13,USD,USD,1.0
2021-04-13,INR,USD,0.012451
2021-04-14,USD,USD,1.0
2021-04-14,INR,USD,0.012431
2021-04-15,USD,USD,1.0
2021-04-15,INR,USD,0.012423
2021-04-16,USD,USD,1.0
2021-04-16,INR,USD,0.012433
2021-04-17,USD,USD,1.0
2021-04-17,INR,USD,0.012448
2021-04-18,USD,USD,1.0
2021-04-18,INR,USD,0.012458
2021-04-19,USD,USD,1.0
2021-04-19,INR,USD,0.012476
2021-04-20,USD,USD,1.0
2021-04-20,INR,USD,0.012478
2021-04-21,USD,USD,1.0
2021-04-21,INR,USD,0.012481
2021-04-22,USD,USD,1.0
2021-04-22,INR,USD,0.012464
2021-04-23,USD,USD,1.0
2021-04-23,INR,USD,0.012479
2021-04-24,USD,USD,1.0
2021-04-24,INR,USD,0.012472
2021-04-25,USD,USD,1.0
2021-04-25,INR,USD,0.012477
2021-04-26,USD,USD,1.0
2021-04-26,INR,USD,0.012459
2021-04-27,USD,USD,1.0
2021-04-27,INR,USD,0.012469
2021-04-28,USD,USD,1.0
2021-04-28,INR,USD,0.01246
2021-04-29,USD,USD,1.0
2021-04-29,INR,USD,0.012469
2021-04-30,USD,USD,1.0
2021-04-30,INR,USD,0.012488
2021-05-01,USD,USD,1.0
2021-05-01,INR,USD,0.012506
2021-05-02,USD,USD,1.0
2021-05-02,INR,USD,0.012508
2021-05-03,USD,USD,1.0
2021-05-03,INR,USD,0.012515
2021-05-04,USD,USD,1.0
2021-05-04,INR,USD,0.01253
2021-05-05,USD,USD,1.0
2021-05-05,INR,USD,0.012525
2021-05-06,USD,USD,1.0
2021-05-06,INR,USD,0.012538
2021-05-07,USD,USD,1.0
2021-05-07,INR,USD,0.012531
2021-05-08,USD,USD,1.0
2021-05-08,INR,USD,0.01253
2021-05-09,USD,USD,1.0
2021-05-09,INR,USD,0.012547
2021-05-10,USD,USD,1.0
2021-05-10,INR,USD,0.01256
2021-05-11,USD,USD,1.0
2021-05-11,INR,USD,0.012546
2021-05-12,USD,USD,1.0
2021-05-12,INR,USD,0.012542
2021-05-13,USD,USD,1.0
2021-05-13,INR,USD,0.012545
2021-05-14,USD,USD,1.0
2021-05-14,INR,USD,0.012556
2021-05-15,USD,USD,1.0
2021-05-15,INR,USD,0.012562
2021-05-16,USD,USD,1.0
2021-05-16,INR,USD,0.012548
2021-05-17,USD,USD,1.0
2021-05-17,INR,USD,0.012546
2021-05-18,USD,USD,1.0
2021-05-18,INR,USD,0.012527
2021-05-19,USD,USD,1.0
2021-05-19,INR,USD,0.012526
2021-05-20,USD,USD,1.0
2021-05-20,INR,USD,0.012537
2021-05-21,USD,USD,1.0
2021-05-21,INR,USD,0.012526
2021-05-22,USD,USD,1.0
2021-05-22,INR,USD,0.012539
2021-05-23,USD,USD,1.0
2021-05-23,INR,USD,0.012531
2021-05-24,USD,USD,1.0
2021-05-24,INR,USD,0.012542
2021-05-25,USD,USD,1.0
2021-05-25,INR,USD,0.012548
2021-05-26,USD,USD,1.0
2021-05-26,INR,USD,0.012568
2021-05-27,USD,USD,1.0
2021-05-27,INR,USD,0.012552
2021-05-28,USD,USD,1.0
2021-05-28,INR,USD,0.012548
2021-05-29,USD,USD,1.0
2021-05-29,INR,USD,0.012543
2021-05-30,USD,USD,1.0
2021-05-30,INR,USD,0.012555
2021-05-31,USD,USD,1.0
2021-05-31,INR,USD,0.012555
2021-06-01,USD,USD,1.0
2021-06-01,INR,USD,0.012569
2021-06-02,USD,USD,1.0
2021-06-02,INR,USD,0.012567
2021-06-03,USD,USD,1.0
2021-06-03,INR,USD,0.012577
2021-06-04,USD,USD,1.0
2021-06-04,INR,USD,0.012569
2021-06-05,USD,USD,1.0
2021-06-05,INR,USD,0.012577
2021-06-06,USD,USD,1.0
2021-06-06,INR,USD,0.012592
2021-06-07,USD,USD,1.0
2021-06-07,INR,USD,0.012593
2021-06-08,USD,USD,1.0
2021-06-08,INR,USD,0.012589
2021-06-09,USD,USD,1.0
2021-06-09,INR,USD,0.012571
2021-06-10,USD,USD,1.0
2021-06-10,INR,USD,0.012556
2021-06-11,USD,USD,1.0
2021-06-11,INR,USD,0.012547
2021-06-12,USD,USD,1.0
2021-06-12,INR,USD,0.01254
2021-06-13,USD,USD,1.0
2021-06-13,INR,USD,0.01256
2021-06-14,USD,USD,1.0
2021-06-14,INR,USD,0.012568
2021-06-15,USD,USD,1.0
2021-06-15,INR,USD,0.012564
2021-06-16,USD,USD,1.0
2021-06-16,INR,USD,0.01257
2021-06-17,USD,USD,1.0
2021-06-17,INR,USD,0.012585
2021-06-18,USD,USD,1.0
2021-06-18,INR,USD,0.012585
2021-06-19,USD,USD,1.0
2021-06-19,INR,USD,0.012566
2021-06-20,USD,USD,1.0
2021-06-20,INR,USD,0.012585
2021-06-21,USD,USD,1.0
2021-06-21,INR,USD,0.012575
2021-06-22,USD,USD,1.0
2021-06-22,INR,USD,0.012556
2021-06-23,USD,USD,1.0
2021-06-23,INR,USD,0.012567
2021-06-24,USD,USD,1.0
2021-06-24,INR,USD,0.012565
2021-06-25,USD,USD,1.0
2021-06-25,INR,USD,0.012549
2021-06-26,USD,USD,1.0
2021-06-26,INR,USD,0.01253
2021-06-27,USD,USD,1.0
2021-06-27,INR,USD,0.012534
2021-06-28,USD,USD,1.0
2021-06-28,INR,USD,0.012549
2021-06-29,USD,USD,1.0
2021-06-29,INR,USD,0.012547
2021-06-30,USD,USD,1.0
2021-06-30,INR,USD,0.012537
2021-07-01,USD,USD,1.0
2021-07-01,INR,USD,0.012517
2021-07-02,USD,USD,1.0
2021-07-02,INR,USD,0.012533
2021-07-03,USD,USD,1.0
2021-07-03,INR,USD,0.012544
2021-07-04,USD,USD,1.0
2021-07-04,INR,USD,0.012533
2021-07-05,USD,USD,1.0
2021-07-05,INR,USD,0.012524
2021-07-06,USD,USD,1.0
2021-07-06,INR,USD,0.012543
2021-07-07,USD,USD,1.0
2021-07-07,INR,USD,0.012528
2021-07-08,USD,USD,1.0
2021-07-08,INR,USD,0.012529
2021-07-09,USD,USD,1.0
2021-07-09,INR,USD,0.012528
2021-07-10,USD,USD,1.0
2021-07-10,INR,USD,0.012518
2021-07-11,USD,USD,1.0
2021-07-11,INR,USD,0.012526
2021-07-12,USD,USD,1.0
2021-07-12,INR,USD,0.012516
2021-07-13,USD,USD,1.0
2021-07-13,INR,USD,0.012533
2021-07-14,USD,USD,1.0
2021-07-14,INR,USD,0.012519
2021-07-15,USD,USD,1.0
2021-07-15,INR,USD,0.012531
2021-07-16,USD,USD,1.0
2021-07-16,INR,USD,0.01255
2021-07-17,USD,USD,1.0
2021-07-17,INR,USD,0.012535
2021-07-18,USD,USD,1.0
2021-07-18,INR,USD,0.01253
2021-07-19,USD,USD,1.0
2021-07-19,INR,USD,0.012546
2021-07-20,USD,USD,1.0
2021-07-20,INR,USD,0.012535
2021-07-21,USD,USD,1.0
2021-07-21,INR,USD,0.012525
2021-07-22,USD,USD,1.0
2021-07-22,INR,USD,0.012524
2021-07-23,USD,USD,1.0
2021-07-23,INR,USD,0.012524
2021-07-24,USD,USD,1.0
2021-07-24,INR,USD,0.012536
2021-07-25,USD,USD,1.0
2021-07-25,INR,USD,0.012541
2021-07-26,USD,USD,1.0
2021-07-26,INR,USD,0.012557
2021-07-27,USD,USD,1.0
2021-07-27,INR,USD,0.012546
2021-07-28,USD,USD,1.0
2021-07-28,INR,USD,0.012543
2021-07-29,USD,USD,1.0
2021-07-29,INR,USD,0.012562
2021-07-30,USD,USD,1.0
2021-07-30,INR,USD,0.012545
2021-07-31,USD,USD,1.0
2021-07-31,INR,USD,0.012536
2021-08-01,USD,USD,1.0
2021-08-01,INR,USD,0.012528
2021-08-02,USD,USD,1.0
2021-08-02,INR,USD,0.012513
2021-08-03,USD,USD,1.0
2021-08-03,INR,USD,0.012531
2021-08-04,USD,USD,1.0
2021-08-04,INR,USD,0.01252
2021-08-05,USD,USD,1.0
2021-08-05,INR,USD,0.012515
2021-08-06,USD,USD,1.0
2021-08-06,INR,USD,0.012506
2021-08-07,USD,USD,1.0
2021-08-07,INR,USD,0.012491
2021-08-08,USD,USD,1.0
2021-08-08,INR,USD,0.012492
2021-08-09,USD,USD,1.0
2021-08-09,INR,USD,0.012508
2021-08-10,USD,USD,1.0
2021-08-10,INR,USD,0.012521
2021-08-11,USD,USD,1.0
2021-08-11,INR,USD,0.012521
2021-08-12,USD,USD,1.0
2021-08-12,INR,USD,0.012524
2021-08-13,USD,USD,1.0
2021-08-13,INR,USD,0.012513
2021-08-14,USD,USD,1.0
2021-08-14,INR,USD,0.012516
2021-08-15,USD,USD,1.0
2021-08-15,INR,USD,0.012502
2021-08-16,USD,USD,1.0
2021-08-16,INR,USD,0.012495
2021-08-17,USD,USD,1.0
2021-08-17,INR,USD,0.012515
2021-08-18,USD,USD,1.0
2021-08-18,INR,USD,0.012508
2021-08-19,USD,USD,1.0
2021-08-19,INR,USD,0.012499
2021-08-20,USD,USD,1.0
2021-08-20,INR,USD,0.012488
2021-08-21,USD,USD,1.0
2021-08-21,INR,USD,0.01249
2021-08-22,USD,USD,1.0
2021-08-22,INR,USD,0.012489
2021-08-23,USD,USD,1.0
2021-08-23,INR,USD,0.012492
2021-08-24,USD,USD,1.0
2021-08-24,INR,USD,0.01248
2021-08-25,USD,USD,1.0
2021-08-25,INR,USD,0.012491
2021-08-26,USD,USD,1.0
2021-08-26,INR,USD,0.012495
2021-08-27,USD,USD,1.0
2021-08-27,INR,USD,0.01249
2021-08-28,USD,USD,1.0
2021-08-28,INR,USD,0.012501
2021-08-29,USD,USD,1.0
2021-08-29,INR,USD,0.012508
2021-08-30,USD,USD,1.0
2021-08-30,INR,USD,0.01252
2021-08-31,USD,USD,1.0
2021-08-31,INR,USD,0.012514
2021-09-01,USD,USD,1.0
2021-09-01,INR,USD,0.012504
2021-09-02,USD,USD,1.0
2021-09-02,INR,USD,0.012498
2021-09-03,USD,USD,1.0
2021-09-03,INR,USD,0.012503
2021-09-04,USD,USD,1.0
2021-09-04,INR,USD,0.012521
2021-09-05,USD,USD,1.0
2021-09-05,INR,USD,0.012522
2021-09-06,USD,USD,1.0
2021-09-06,INR,USD,0.012509
2021-09-07,USD,USD,1.0
2021-09-07,INR,USD,0.012511
2021-09-08,USD,USD,1.0
2021-09-08,INR,USD,0.012504
2021-09-09,USD,USD,1.0
2021-09-09,INR,USD,0.012522
2021-09-10,USD,USD,1.0
2021-09-10,INR,USD,0.012512
2021-09-11,USD,USD,1.0
2021-09-11,INR,USD,0.0125
2021-09-12,USD,USD,1.0
2021-09-12,INR,USD,0.012492
2021-09-13,USD,USD,1.0
2021-09-13,INR,USD,0.012497
2021-09-14,USD,USD,1.0
2021-09-14,INR,USD,0.012507
2021-09-15,USD,USD,1.0
2021-09-15,INR,USD,0.01251
2021-09-16,USD,USD,1.0
2021-09-16,INR,USD,0.012527
2021-09-17,USD,USD,1.0
2021-09-17,INR,USD,0.012509
2021-09-18,USD,USD,1.0
2021-09-18,INR,USD,0.012497
2021-09-19,USD,USD,1.0
2021-09-19,INR,USD,0.012512
2021-09-20,USD,USD,1.0
2021-09-20,INR,USD,0.012518
2021-09-21,USD,USD,1.0
2021-09-21,INR,USD,0.012526
2021-09-22,USD,USD,1.0
2021-09-22,INR,USD,0.012523
2021-09-23,USD,USD,1.0
2021-09-23,INR,USD,0.012508
2021-09-24,USD,USD,1.0
2021-09-24,INR,USD,0.012507
2021-09-25,USD,USD,1.0
2021-09-25,INR,USD,0.012515
2021-09-26,USD,USD,1.0
2021-09-26,INR,USD,0.012519
2021-09-27,USD,USD,1.0
2021-09-27,INR,USD,0.012512
2021-09-28,USD,USD,1.0
2021-09-28,INR,USD,0.012527
2021-09-29,USD,USD,1.0
2021-09-29,INR,USD,0.012509
2021-09-30,USD,USD,1.0
2021-09-30,INR,USD,0.01249
2021-10-01,USD,USD,1.0
2021-10-01,INR,USD,0.012488
2021-10-02,USD,USD,1.0
2021-10-02,INR,USD,0.012502
2021-10-03,USD,USD,1.0
2021-10-03,INR,USD,0.012498
2021-10-04,USD,USD,1.0
2021-10-04,INR,USD,0.012513
2021-10-05,USD,USD,1.0
2021-10-05,INR,USD,0.012503
2021-10-06,USD,USD,1.0
2021-10-06,INR,USD,0.012503
2021-10-07,USD,USD,1.0
2021-10-07,INR,USD,0.012487
2021-10-08,USD,USD,1.0
2021-10-08,INR,USD,0.012494
2021-10-09,USD,USD,1.0
2021-10-09,INR,USD,0.012504
2021-10-10,USD,USD,1.0
2021-10-10,INR,USD,0.01251
2021-10-11,USD,USD,1.0
2021-10-11,INR,USD,0.012503
2021-10-12,USD,USD,1.0
2021-10-12,INR,USD,0.012496
2021-10-13,USD,USD,1.0
2021-10-13,INR,USD,0.01249
2021-10-14,USD,USD,1.0
2021-10-14,INR,USD,0.0125
2021-10-15,USD,USD,1.0
2021-10-15,INR,USD,0.0125
2021-10-16,USD,USD,1.0
2021-10-16,INR,USD,0.01248
2021-10-17,USD,USD,1.0
2021-10-17,INR,USD,0.012471
2021-10-18,USD,USD,1.0
2021-10-18,INR,USD,0.012474
2021-10-19,USD,USD,1.0
2021-10-19,INR,USD,0.012491
2021-10-20,USD,USD,1.0
2021-10-20,INR,USD,0.012476
2021-10-21,USD,USD,1.0
2021-10-21,INR,USD,0.012493
2021-10-22,USD,USD,1.0
2021-10-22,INR,USD,0.012495
2021-10-23,USD,USD,1.0
2021-10-23,INR,USD,0.012493
2021-10-24,USD,USD,1.0
2021-10-24,INR,USD,0.012496
2021-10-25,USD,USD,1.0
2021-10-25,INR,USD,0.012514
2021-10-26,USD,USD,1.0
2021-10-26,INR,USD,0.012522
2021-10-27,USD,USD,1.0
2021-10-27,INR,USD,0.012538
2021-10-28,USD,USD,1.0
2021-10-28,INR,USD,0.012527
2021-10-29,USD,USD,1.0
2021-10-29,INR,USD,0.012516
2021-10-30,USD,USD,1.0
2021-10-30,INR,USD,0.012505
2021-10-31,USD,USD,1.0
2021-10-31,INR,USD,0.012513
2021-11-01,USD,USD,1.0
2021-11-01,INR,USD,0.012503
2021-11-02,USD,USD,1.0
2021-11-02,INR,USD,0.012522
2021-11-03,USD,USD,1.0
2021-11-03,INR,USD,0.012505
2021-11-04,USD,USD,1.0
2021-11-04,INR,USD,0.012491
2021-11-05,USD,USD,1.0
2021-11-05,INR,USD,0.012497
2021-11-06,USD,USD,1.0
2021-11-06,INR,USD,0.012504
2021-11-07,USD,USD,1.0
2021-11-07,INR,USD,0.012492
2021-11-08,USD,USD,1.0
2021-11-08,INR,USD,0.012483
2021-11-09,USD,USD,1.0
2021-11-09,INR,USD,0.012473
2021-11-10,USD,USD,1.0
2021-11-10,INR,USD,0.01249
2021-11-11,USD,USD,1.0
2021-11-11,INR,USD,0.012484
2021-11-12,USD,USD,1.0
2021-11-12,INR,USD,0.012474
2021-11-13,USD,USD,1.0
2021-11-13,INR,USD,0.012485
2021-11-14,USD,USD,1.0
2021-11-14,INR,USD,0.012472
2021-11-15,USD,USD,1.0
2021-11-15,INR,USD,0.012472
2021-11-16,USD,USD,1.0
2021-11-16,INR,USD,0.012487
2021-11-17,USD,USD,1.0
2021-11-17,INR,USD,0.012477
2021-11-18,USD,USD,1.0
2021-11-18,INR,USD,0.012465
2021-11-19,USD,USD,1.0
2021-11-19,INR,USD,0.012471
2021-11-20,USD,USD,1.0
2021-11-20,INR,USD,0.012472
2021-11-21,USD,USD,1.0
2021-11-21,INR,USD,0.012482
2021-11-22,USD,USD,1.0
2021-11-22,INR,USD,0.012499
2021-11-23,USD,USD,1.0
2021-11-23,INR,USD,0.012493
2021-11-24,USD,USD,1.0
2021-11-24,INR,USD,0.012476
2021-11-25,USD,USD,1.0
2021-11-25,INR,USD,0.012478
2021-11-26,USD,USD,1.0
2021-11-26,INR,USD,0.012464
2021-11-27,USD,USD,1.0
2021-11-27,INR,USD,0.012477
2021-11-28,USD,USD,1.0
2021-11-28,INR,USD,0.012495
2021-11-29,USD,USD,1.0
2021-11-29,INR,USD,0.012492
2021-11-30,USD,USD,1.0
2021-11-30,INR,USD,0.012508
2021-12-01,USD,USD,1.0
2021-12-01,INR,USD,0.012515
2021-12-02,USD,USD,1.0
2021-12-02,INR,USD,0.012509
2021-12-03,USD,USD,1.0
2021-12-03,INR,USD,0.012523
2021-12-04,USD,USD,1.0
2021-12-04,INR,USD,0.012535
2021-12-05,USD,USD,1.0
2021-12-05,INR,USD,0.012521
2021-12-06,USD,USD,1.0
2021-12-06,INR,USD,0.012512
2021-12-07,USD,USD,1.0
2021-12-07,INR,USD,0.012504
2021-12-08,USD,USD,1.0
2021-12-08,INR,USD,0.012484
2021-12-09,USD,USD,1.0
2021-12-09,INR,USD,0.012474
2021-12-10,USD,USD,1.0
2021-12-10,INR,USD,0.012467
2021-12-11,USD,USD,1.0
2021-12-11,INR,USD,0.012454
2021-12-12,USD,USD,1.0
2021-12-12,INR,USD,0.012466
2021-12-13,USD,USD,1.0
2021-12-13,INR,USD,0.012481
2021-12-14,USD,USD,1.0
2021-12-14,INR,USD,0.01249
2021-12-15,USD,USD,1.0
2021-12-15,INR,USD,0.01248
2021-12-16,USD,USD,1.0
2021-12-16,INR,USD,0.012482
2021-12-17,USD,USD,1.0
2021-12-17,INR,USD,0.012493
2021-12-18,USD,USD,1.0
2021-12-18,INR,USD,0.01251
2021-12-19,USD,USD,1.0
2021-12-19,INR,USD,0.012521
2021-12-20,USD,USD,1.0
2021-12-20,INR,USD,0.012512
2021-12-21,USD,USD,1.0
2021-12-21,INR,USD,0.012517
2021-12-22,USD,USD,1.0
2021-12-22,INR,USD,0.012517
2021-12-23,USD,USD,1.0
2021-12-23,INR,USD,0.012519
2021-12-24,USD,USD,1.0
2021-12-24,INR,USD,0.012516
2021-12-25,USD,USD,1.0
2021-12-25,INR,USD,0.012516
2021-12-26,USD,USD,1.0
2021-12-26,INR,USD,0.012521
2021-12-27,USD,USD,1.0
2021-12-27,INR,USD,0.012502
2021-12-28,USD,USD,1.0
2021-12-28,INR,USD,0.012491
2021-12-29,USD,USD,1.0
2021-12-29,INR,USD,0.012474
2021-12-30,USD,USD,1.0
2021-12-30,INR,USD,0.012476
2021-12-31,USD,USD,1.0
2021-12-31,INR,USD,0.012492
2022-01-01,USD,USD,1.0
2022-01-01,INR,USD,0.012494
2022-01-02,USD,USD,1.0
2022-01-02,INR,USD,0.012484
2022-01-03,USD,USD,1.0
2022-01-03,INR,USD,0.012501
2022-01-04,USD,USD,1.0
2022-01-04,INR,USD,0.012484
2022-01-05,USD,USD,1.0
2022-01-05,INR,USD,0.012491
2022-01-06,USD,USD,1.0
2022-01-06,INR,USD,0.0125
2022-01-07,USD,USD,1.0
2022-01-07,INR,USD,0.012505
2022-01-08,USD,USD,1.0
2022-01-08,INR,USD,0.012524
2022-01-09,USD,USD,1.0
2022-01-09,INR,USD,0.012543
2022-01-10,USD,USD,1.0
2022-01-10,INR,USD,0.012527
2022-01-11,USD,USD,1.0
2022-01-11,INR,USD,0.012543
2022-01-12,USD,USD,1.0
2022-01-12,INR,USD,0.012529
2022-01-13,USD,USD,1.0
2022-01-13,INR,USD,0.012523
2022-01-14,USD,USD,1.0
2022-01-14,INR,USD,0.012521
2022-01-15,USD,USD,1.0
2022-01-15,INR,USD,0.012534
2022-01-16,USD,USD,1.0
2022-01-16,INR,USD,0.012537
2022-01-17,USD,USD,1.0
2022-01-17,INR,USD,0.01252
2022-01-18,USD,USD,1.0
2022-01-18,INR,USD,0.012529
2022-01-19,USD,USD,1.0
2022-01-19,INR,USD,0.012513
2022-01-20,USD,USD,1.0
2022-01-20,INR,USD,0.012513
2022-01-21,USD,USD,1.0
2022-01-21,INR,USD,0.012508
2022-01-22,USD,USD,1.0
2022-01-22,INR,USD,0.012496
2022-01-23,USD,USD,1.0
2022-01-23,INR,USD,0.012513
2022-01-24,USD,USD,1.0
2022-01-24,INR,USD,0.012512
2022-01-25,USD,USD,1.0
2022-01-25,INR,USD,0.012498
2022-01-26,USD,USD,1.0
2022-01-26,INR,USD,0.012489
2022-01-27,USD,USD,1.0
2022-01-27,INR,USD,0.012489
2022-01-28,USD,USD,1.0
2022-01-28,INR,USD,0.012509
2022-01-29,USD,USD,1.0
2022-01-29,INR,USD,0.012514
2022-01-30,USD,USD,1.0
2022-01-30,INR,USD,0.012498
2022-01-31,USD,USD,1.0
2022-01-31,INR,USD,0.012503
2022-02-01,USD,USD,1.0
2022-02-01,INR,USD,0.012509
2022-02-02,USD,USD,1.0
2022-02-02,INR,USD,0.012523
2022-02-03,USD,USD,1.0
2022-02-03,INR,USD,0.012528
2022-02-04,USD,USD,1.0
2022-02-04,INR,USD,0.012526
2022-02-05,USD,USD,1.0
2022-02-05,INR,USD,0.01252
2022-02-06,USD,USD,1.0
2022-02-06,INR,USD,0.012502
2022-02-07,USD,USD,1.0
2022-02-07,INR,USD,0.012494
2022-02-08,USD,USD,1.0
2022-02-08,INR,USD,0.012514
2022-02-09,USD,USD,1.0
2022-02-09,INR,USD,0.012502
2022-02-10,USD,USD,1.0
2022-02-10,INR,USD,0.012497
2022-02-11,USD,USD,1.0
2022-02-11,INR,USD,0.01249
2022-02-12,USD,USD,1.0
2022-02-12,INR,USD,0.012499
2022-02-13,USD,USD,1.0
2022-02-13,INR,USD,0.012483
2022-02-14,USD,USD,1.0
2022-02-14,INR,USD,0.012484
2022-02-15,USD,USD,1.0
2022-02-15,INR,USD,0.012472
2022-02-16,USD,USD,1.0
2022-02-16,INR,USD,0.012458
2022-02-17,USD,USD,1.0
2022-02-17,INR,USD,0.01247
2022-02-18,USD,USD,1.0
2022-02-18,INR,USD,0.012467
2022-02-19,USD,USD,1.0
2022-02-19,INR,USD,0.012455
2022-02-20,USD,USD,1.0
2022-02-20,INR,USD,0.012453
2022-02-21,USD,USD,1.0
2022-02-21,INR,USD,0.012451
2022-02-22,USD,USD,1.0
2022-02-22,INR,USD,0.012465
2022-02-23,USD,USD,1.0
2022-02-23,INR,USD,0.012454
2022-02-24,USD,USD,1.0
2022-02-24,INR,USD,0.012466
2022-02-25,USD,USD,1.0
2022-02-25,INR,USD,0.012447
2022-02-26,USD,USD,1.0
2022-02-26,INR,USD,0.012443
2022-02-27,USD,USD,1.0
2022-02-27,INR,USD,0.012436
2022-02-28,USD,USD,1.0
2022-02-28,INR,USD,0.012416
2022-03-01,USD,USD,1.0
2022-03-01,INR,USD,0.012435
2022-03-02,USD,USD,1.0
2022-03-02,INR,USD,0.012454
2022-03-03,USD,USD,1.0
2022-03-03,INR,USD,0.012473
2022-03-04,USD,USD,1.0
2022-03-04,INR,USD,0.012468
2022-03-05,USD,USD,1.0
2022-03-05,INR,USD,0.012459
2022-03-06,USD,USD,1.0
2022-03-06,INR,USD,0.012469
2022-03-07,USD,USD,1.0
2022-03-07,INR,USD,0.01248
2022-03-08,USD,USD,1.0
2022-03-08,INR,USD,0.012468
2022-03-09,USD,USD,1.0
2022-03-09,INR,USD,0.012452
2022-03-10,USD,USD,1.0
2022-03-10,INR,USD,0.012455
2022-03-11,USD,USD,1.0
2022-03-11,INR,USD,0.012443
2022-03-12,USD,USD,1.0
2022-03-12,INR,USD,0.012435
2022-03-13,USD,USD,1.0
2022-03-13,INR,USD,0.012444
2022-03-14,USD,USD,1.0
2022-03-14,INR,USD,0.012428
2022-03-15,USD,USD,1.0
2022-03-15,INR,USD,0.012442
2022-03-16,USD,USD,1.0
2022-03-16,INR,USD,0.012433
2022-03-17,USD,USD,1.0
2022-03-17,INR,USD,0.012436
2022-03-18,USD,USD,1.0
2022-03-18,INR,USD,0.012454
2022-03-19,USD,USD,1.0
2022-03-19,INR,USD,0.012454
2022-03-20,USD,USD,1.0
2022-03-20,INR,USD,0.012471
2022-03-21,USD,USD,1.0
2022-03-21,INR,USD,0.012464
2022-03-22,USD,USD,1.0
2022-03-22,INR,USD,0.012452
2022-03-23,USD,USD,1.0
2022-03-23,INR,USD,0.012471
2022-03-24,USD,USD,1.0
2022-03-24,INR,USD,0.01249
2022-03-25,USD,USD,1.0
2022-03-25,INR,USD,0.012475
2022-03-26,USD,USD,1.0
2022-03-26,INR,USD,0.012485
2022-03-27,USD,USD,1.0
2022-03-27,INR,USD,0.01247
2022-03-28,USD,USD,1.0
2022-03-28,INR,USD,0.012482
2022-03-29,USD,USD,1.0
2022-03-29,INR,USD,0.012499
2022-03-30,USD,USD,1.0
2022-03-30,INR,USD,0.0125
2022-03-31,USD,USD,1.0
2022-03-31,INR,USD,0.01251
2022-04-01,USD,USD,1.0
2022-04-01,INR,USD,0.012493
2022-04-02,USD,USD,1.0
2022-04-02,INR,USD,0.012473
2022-04-03,USD,USD,1.0
2022-04-03,INR,USD,0.012484
2022-04-04,USD,USD,1.0
2022-04-04,INR,USD,0.012504
2022-04-05,USD,USD,1.0
2022-04-05,INR,USD,0.012517
2022-04-06,USD,USD,1.0
2022-04-06,INR,USD,0.0125
2022-04-07,USD,USD,1.0
2022-04-07,INR,USD,0.012496
2022-04-08,USD,USD,1.0
2022-04-08,INR,USD,0.012511
2022-04-09,USD,USD,1.0
2022-04-09,INR,USD,0.012501
2022-04-10,USD,USD,1.0
2022-04-10,INR,USD,0.012499
2022-04-11,USD,USD,1.0
2022-04-11,INR,USD,0.012512
2022-04-12,USD,USD,1.0
2022-04-12,INR,USD,0.012525
2022-04-13,USD,USD,1.0
2022-04-13,INR,USD,0.012509
2022-04-14,USD,USD,1.0
2022-04-14,INR,USD,0.012522
2022-04-15,USD,USD,1.0
2022-04-15,INR,USD,0.012533
2022-04-16,USD,USD,1.0
2022-04-16,INR,USD,0.012523
2022-04-17,USD,USD,1.0
2022-04-17,INR,USD,0.012512
2022-04-18,USD,USD,1.0
2022-04-18,INR,USD,0.012513
2022-04-19,USD,USD,1.0
2022-04-19,INR,USD,0.012526
2022-04-20,USD,USD,1.0
2022-04-20,INR,USD,0.01251
2022-04-21,USD,USD,1.0
2022-04-21,INR,USD,0.01249
2022-04-22,USD,USD,1.0
2022-04-22,INR,USD,0.012483
2022-04-23,USD,USD,1.0
2022-04-23,INR,USD,0.012496
2022-04-24,USD,USD,1.0
2022-04-24,INR,USD,0.012488
2022-04-25,USD,USD,1.0
2022-04-25,INR,USD,0.012481
2022-04-26,USD,USD,1.0
2022-04-26,INR,USD,0.012473
2022-04-27,USD,USD,1.0
2022-04-27,INR,USD,0.012474
2022-04-28,USD,USD,1.0
2022-04-28,INR,USD,0.012465
2022-04-29,USD,USD,1.0
2022-04-29,INR,USD,0.012461
2022-04-30,USD,USD,1.0
2022-04-30,INR,USD,0.012478
2022-05-01,USD,USD,1.0
2022-05-01,INR,USD,0.012466
2022-05-02,USD,USD,1.0
2022-05-02,INR,USD,0.012456
2022-05-03,USD,USD,1.0
2022-05-03,INR,USD,0.012471
2022-05-04,USD,USD,1.0
2022-05-04,INR,USD,0.012477
2022-05-05,USD,USD,1.0
2022-05-05,INR,USD,0.01247
2022-05-06,USD,USD,1.0
2022-05-06,INR,USD,0.012463
2022-05-07,USD,USD,1.0
2022-05-07,INR,USD,0.012469
2022-05-08,USD,USD,1.0
2022-05-08,INR,USD,0.012471
2022-05-09,USD,USD,1.0
2022-05-09,INR,USD,0.012453
2022-05-10,USD,USD,1.0
2022-05-10,INR,USD,0.012448
2022-05-11,USD,USD,1.0
2022-05-11,INR,USD,0.012435
2022-05-12,USD,USD,1.0
2022-05-12,INR,USD,0.012438
2022-05-13,USD,USD,1.0
2022-05-13,INR,USD,0.01245
2022-05-14,USD,USD,1.0
2022-05-14,INR,USD,0.012455
2022-05-15,USD,USD,1.0
2022-05-15,INR,USD,0.01245
2022-05-16,USD,USD,1.0
2022-05-16,INR,USD,0.012446
2022-05-17,USD,USD,1.0
2022-05-17,INR,USD,0.012456
2022-05-18,USD,USD,1.0
2022-05-18,INR,USD,0.012454
2022-05-19,USD,USD,1.0
2022-05-19,INR,USD,0.012443
2022-05-20,USD,USD,1.0
2022-05-20,INR,USD,0.01244
2022-05-21,USD,USD,1.0
2022-05-21,INR,USD,0.01243
2022-05-22,USD,USD,1.0
2022-05-22,INR,USD,0.012438
2022-05-23,USD,USD,1.0
2022-05-23,INR,USD,0.012433
2022-05-24,USD,USD,1.0
2022-05-24,INR,USD,0.012414
2022-05-25,USD,USD,1.0
2022-05-25,INR,USD,0.012426
2022-05-26,USD,USD,1.0
2022-05-26,INR,USD,0.012445
2022-05-27,USD,USD,1.0
2022-05-27,INR,USD,0.012443
2022-05-28,USD,USD,1.0
2022-05-28,INR,USD,0.012441
2022-05-29,USD,USD,1.0
2022-05-29,INR,USD,0.012439
2022-05-30,USD,USD,1.0
2022-05-30,INR,USD,0.012446
2022-05-31,USD,USD,1.0
2022-05-31,INR,USD,0.012457
2022-06-01,USD,USD,1.0
2022-06-01,INR,USD,0.012442
2022-06-02,USD,USD,1.0
2022-06-02,INR,USD,0.01244
2022-06-03,USD,USD,1.0
2022-06-03,INR,USD,0.012442
2022-06-04,USD,USD,1.0
2022-06-04,INR,USD,0.01243
2022-06-05,USD,USD,1.0
2022-06-05,INR,USD,0.012423
2022-06-06,USD,USD,1.0
2022-06-06,INR,USD,0.012407
2022-06-07,USD,USD,1.0
2022-06-07,INR,USD,0.012416
2022-06-08,USD,USD,1.0
2022-06-08,INR,USD,0.012425
2022-06-09,USD,USD,1.0
2022-06-09,INR,USD,0.012444
2022-06-10,USD,USD,1.0
2022-06-10,INR,USD,0.012446
2022-06-11,USD,USD,1.0
2022-06-11,INR,USD,0.01245
2022-06-12,USD,USD,1.0
2022-06-12,INR,USD,0.01246
2022-06-13,USD,USD,1.0
2022-06-13,INR,USD,0.012455
2022-06-14,USD,USD,1.0
2022-06-14,INR,USD,0.012467
2022-06-15,USD,USD,1.0
2022-06-15,INR,USD,0.012485
2022-06-16,USD,USD,1.0
2022-06-16,INR,USD,0.012478
2022-06-17,USD,USD,1.0
2022-06-17,INR,USD,0.012475
2022-06-18,USD,USD,1.0
2022-06-18,INR,USD,0.012469
2022-06-19,USD,USD,1.0
2022-06-19,INR,USD,0.012465
2022-06-20,USD,USD,1.0
2022-06-20,INR,USD,0.012447
2022-06-21,USD,USD,1.0
2022-06-21,INR,USD,0.012459
2022-06-22,USD,USD,1.0
2022-06-22,INR,USD,0.012455
2022-06-23,USD,USD,1.0
2022-06-23,INR,USD,0.012454
2022-06-24,USD,USD,1.0
2022-06-24,INR,USD,0.012444
2022-06-25,USD,USD,1.0
2022-06-25,INR,USD,0.012457
2022-06-26,USD,USD,1.0
2022-06-26,INR,USD,0.01247
2022-06-27,USD,USD,1.0
2022-06-27,INR,USD,0.012458
2022-06-28,USD,USD,1.0
2022-06-28,INR,USD,0.012467
2022-06-29,USD,USD,1.0
2022-06-29,INR,USD,0.01246
2022-06-30,USD,USD,1.0
2022-06-30,INR,USD,0.012464
2022-07-01,USD,USD,1.0
2022-07-01,INR,USD,0.012458
2022-07-02,USD,USD,1.0
2022-07-02,INR,USD,0.012475
2022-07-03,USD,USD,1.0
2022-07-03,INR,USD,0.012472
2022-07-04,USD,USD,1.0
2022-07-04,INR,USD,0.012475
2022-07-05,USD,USD,1.0
2022-07-05,INR,USD,0.012474
2022-07-06,USD,USD,1.0
2022-07-06,INR,USD,0.01249
2022-07-07,USD,USD,1.0
2022-07-07,INR,USD,0.012475
2022-07-08,USD,USD,1.0
2022-07-08,INR,USD,0.012476
2022-07-09,USD,USD,1.0
2022-07-09,INR,USD,0.012495
2022-07-10,USD,USD,1.0
2022-07-10,INR,USD,0.012498
2022-07-11,USD,USD,1.0
2022-07-11,INR,USD,0.012512
2022-07-12,USD,USD,1.0
2022-07-12,INR,USD,0.012506
2022-07-13,USD,USD,1.0
2022-07-13,INR,USD,0.012499
2022-07-14,USD,USD,1.0
2022-07-14,INR,USD,0.012509
2022-07-15,USD,USD,1.0
2022-07-15,INR,USD,0.012518
2022-07-16,USD,USD,1.0
2022-07-16,INR,USD,0.012513
2022-07-17,USD,USD,1.0
2022-07-17,INR,USD,0.012524
2022-07-18,USD,USD,1.0
2022-07-18,INR,USD,0.012526
2022-07-19,USD,USD,1.0
2022-07-19,INR,USD,0.012523
2022-07-20,USD,USD,1.0
2022-07-20,INR,USD,0.012533
2022-07-21,USD,USD,1.0
2022-07-21,INR,USD,0.012538
2022-07-22,USD,USD,1.0
2022-07-22,INR,USD,0.012523
2022-07-23,USD,USD,1.0
2022-07-23,INR,USD,0.01252
2022-07-24,USD,USD,1.0
2022-07-24,INR,USD,0.012528
2022-07-25,USD,USD,1.0
2022-07-25,INR,USD,0.012512
2022-07-26,USD,USD,1.0
2022-07-26,INR,USD,0.012526
2022-07-27,USD,USD,1.0
2022-07-27,INR,USD,0.012541
2022-07-28,USD,USD,1.0
2022-07-28,INR,USD,0.012546
2022-07-29,USD,USD,1.0
2022-07-29,INR,USD,0.012554
2022-07-30,USD,USD,1.0
2022-07-30,INR,USD,0.012545
2022-07-31,USD,USD,1.0
2022-07-31,INR,USD,0.012537
2022-08-01,USD,USD,1.0
2022-08-01,INR,USD,0.012554
2022-08-02,USD,USD,1.0
2022-08-02,INR,USD,0.012545
2022-08-03,USD,USD,1.0
2022-08-03,INR,USD,0.012555
2022-08-04,USD,USD,1.0
2022-08-04,INR,USD,0.012544
2022-08-05,USD,USD,1.0
2022-08-05,INR,USD,0.012548
2022-08-06,USD,USD,1.0
2022-08-06,INR,USD,0.012536
2022-08-07,USD,USD,1.0
2022-08-07,INR,USD,0.012543
2022-08-08,USD,USD,1.0
2022-08-08,INR,USD,0.012534
2022-08-09,USD,USD,1.0
2022-08-09,INR,USD,0.012554
2022-08-10,USD,USD,1.0
2022-08-10,INR,USD,0.012555
2022-08-11,USD,USD,1.0
2022-08-11,INR,USD,0.012543
2022-08-12,USD,USD,1.0
2022-08-12,INR,USD,0.012527
2022-08-13,USD,USD,1.0
2022-08-13,INR,USD,0.012546
2022-08-14,USD,USD,1.0
2022-08-14,INR,USD,0.012545
2022-08-15,USD,USD,1.0
2022-08-15,INR,USD,0.012541
2022-08-16,USD,USD,1.0
2022-08-16,INR,USD,0.012528
2022-08-17,USD,USD,1.0
2022-08-17,INR,USD,0.012538
2022-08-18,USD,USD,1.0
2022-08-18,INR,USD,0.012536
2022-08-19,USD,USD,1.0
2022-08-19,INR,USD,0.012523
2022-08-20,USD,USD,1.0
2022-08-20,INR,USD,0.012529
2022-08-21,USD,USD,1.0
2022-08-21,INR,USD,0.012544
2022-08-22,USD,USD,1.0
2022-08-22,INR,USD,0.012546
2022-08-23,USD,USD,1.0
2022-08-23,INR,USD,0.012534
2022-08-24,USD,USD,1.0
2022-08-24,INR,USD,0.012531
2022-08-25,USD,USD,1.0
2022-08-25,INR,USD,0.012538
2022-08-26,USD,USD,1.0
2022-08-26,INR,USD,0.012537
2022-08-27,USD,USD,1.0
2022-08-27,INR,USD,0.012537
2022-08-28,USD,USD,1.0
2022-08-28,INR,USD,0.012535
2022-08-29,USD,USD,1.0
2022-08-29,INR,USD,0.01254
2022-08-30,USD,USD,1.0
2022-08-30,INR,USD,0.012547
2022-08-31,USD,USD,1.0
2022-08-31,INR,USD,0.012531
2022-09-01,USD,USD,1.0
2022-09-01,INR,USD,0.012545
2022-09-02,USD,USD,1.0
2022-09-02,INR,USD,0.012528
2022-09-03,USD,USD,1.0
2022-09-03,INR,USD,0.012543
2022-09-04,USD,USD,1.0
2022-09-04,INR,USD,0.012528
2022-09-05,USD,USD,1.0
2022-09-05,INR,USD,0.012511
2022-09-06,USD,USD,1.0
2022-09-06,INR,USD,0.012518
2022-09-07,USD,USD,1.0
2022-09-07,INR,USD,0.012505
2022-09-08,USD,USD,1.0
2022-09-08,INR,USD,0.012503
2022-09-09,USD,USD,1.0
2022-09-09,INR,USD,0.012511
2022-09-10,USD,USD,1.0
2022-09-10,INR,USD,0.012498
2022-09-11,USD,USD,1.0
2022-09-11,INR,USD,0.012482
2022-09-12,USD,USD,1.0
2022-09-12,INR,USD,0.012467
2022-09-13,USD,USD,1.0
2022-09-13,INR,USD,0.012478
2022-09-14,USD,USD,1.0
2022-09-14,INR,USD,0.012485
2022-09-15,USD,USD,1.0
2022-09-15,INR,USD,0.012498
2022-09-16,USD,USD,1.0
2022-09-16,INR,USD,0.01249
2022-09-17,USD,USD,1.0
2022-09-17,INR,USD,0.012505
2022-09-18,USD,USD,1.0
2022-09-18,INR,USD,0.012506
2022-09-19,USD,USD,1.0
2022-09-19,INR,USD,0.012495
2022-09-20,USD,USD,1.0
2022-09-20,INR,USD,0.012487
2022-09-21,USD,USD,1.0
2022-09-21,INR,USD,0.012491
2022-09-22,USD,USD,1.0
2022-09-22,INR,USD,0.012478
2022-09-23,USD,USD,1.0
2022-09-23,INR,USD,0.012467
2022-09-24,USD,USD,1.0
2022-09-24,INR,USD,0.012486
2022-09-25,USD,USD,1.0
2022-09-25,INR,USD,0.012484
2022-09-26,USD,USD,1.0
2022-09-26,INR,USD,0.012466
2022-09-27,USD,USD,1.0
2022-09-27,INR,USD,0.012459
2022-09-28,USD,USD,1.0
2022-09-28,INR,USD,0.012448
2022-09-29,USD,USD,1.0
2022-09-29,INR,USD,0.012429
2022-09-30,USD,USD,1.0
2022-09-30,INR,USD,0.012436
2022-10-01,USD,USD,1.0
2022-10-01,INR,USD,0.012426
2022-10-02,USD,USD,1.0
2022-10-02,INR,USD,0.012427
2022-10-03,USD,USD,1.0
2022-10-03,INR,USD,0.012445
2022-10-04,USD,USD,1.0
2022-10-04,INR,USD,0.012434
2022-10-05,USD,USD,1.0
2022-10-05,INR,USD,0.012447
2022-10-06,USD,USD,1.0
2022-10-06,INR,USD,0.012434
2022-10-07,USD,USD,1.0
2022-10-07,INR,USD,0.012448
2022-10-08,USD,USD,1.0
2022-10-08,INR,USD,0.012443
2022-10-09,USD,USD,1.0
2022-10-09,INR,USD,0.012459
2022-10-10,USD,USD,1.0
2022-10-10,INR,USD,0.012456
2022-10-11,USD,USD,1.0
2022-10-11,INR,USD,0.012465
2022-10-12,USD,USD,1.0
2022-10-12,INR,USD,0.012452
2022-10-13,USD,USD,1.0
2022-10-13,INR,USD,0.01247
2022-10-14,USD,USD,1.0
2022-10-14,INR,USD,0.012464
2022-10-15,USD,USD,1.0
2022-10-15,INR,USD,0.012467
2022-10-16,USD,USD,1.0
2022-10-16,INR,USD,0.012453
2022-10-17,USD,USD,1.0
2022-10-17,INR,USD,0.012472
2022-10-18,USD,USD,1.0
2022-10-18,INR,USD,0.012452
2022-10-19,USD,USD,1.0
2022-10-19,INR,USD,0.012447
2022-10-20,USD,USD,1.0
2022-10-20,INR,USD,0.012455
2022-10-21,USD,USD,1.0
2022-10-21,INR,USD,0.012466
2022-10-22,USD,USD,1.0
2022-10-22,INR,USD,0.012456
2022-10-23,USD,USD,1.0
2022-10-23,INR,USD,0.01245
2022-10-24,USD,USD,1.0
2022-10-24,INR,USD,0.012462
2022-10-25,USD,USD,1.0
2022-10-25,INR,USD,0.012467
2022-10-26,USD,USD,1.0
2022-10-26,INR,USD,0.012482
2022-10-27,USD,USD,1.0
2022-10-27,INR,USD,0.012478
2022-10-28,USD,USD,1.0
2022-10-28,INR,USD,0.012488
2022-10-29,USD,USD,1.0
2022-10-29,INR,USD,0.012494
2022-10-30,USD,USD,1.0
2022-10-30,INR,USD,0.012479
2022-10-31,USD,USD,1.0
2022-10-31,INR,USD,0.012495
2022-11-01,USD,USD,1.0
2022-11-01,INR,USD,0.012489
2022-11-02,USD,USD,1.0
2022-11-02,INR,USD,0.012487
2022-11-03,USD,USD,1.0
2022-11-03,INR,USD,0.012478
2022-11-04,USD,USD,1.0
2022-11-04,INR,USD,0.01247
2022-11-05,USD,USD,1.0
2022-11-05,INR,USD,0.012461
2022-11-06,USD,USD,1.0
2022-11-06,INR,USD,0.012454
2022-11-07,USD,USD,1.0
2022-11-07,INR,USD,0.012449
2022-11-08,USD,USD,1.0
2022-11-08,INR,USD,0.012452
2022-11-09,USD,USD,1.0
2022-11-09,INR,USD,0.012434
2022-11-10,USD,USD,1.0
2022-11-10,INR,USD,0.012449
2022-11-11,USD,USD,1.0
2022-11-11,INR,USD,0.012434
2022-11-12,USD,USD,1.0
2022-11-12,INR,USD,0.012438
2022-11-13,USD,USD,1.0
2022-11-13,INR,USD,0.012421
2022-11-14,USD,USD,1.0
2022-11-14,INR,USD,0.012405
2022-11-15,USD,USD,1.0
2022-11-15,INR,USD,0.012421
2022-11-16,USD,USD,1.0
2022-11-16,INR,USD,0.012433
2022-11-17,USD,USD,1.0
2022-11-17,INR,USD,0.012442
2022-11-18,USD,USD,1.0
2022-11-18,INR,USD,0.012437
2022-11-19,USD,USD,1.0
2022-11-19,INR,USD,0.012449
2022-11-20,USD,USD,1.0
2022-11-20,INR,USD,0.012469
2022-11-21,USD,USD,1.0
2022-11-21,INR,USD,0.012475
2022-11-22,USD,USD,1.0
2022-11-22,INR,USD,0.012474
2022-11-23,USD,USD,1.0
2022-11-23,INR,USD,0.01247
2022-11-24,USD,USD,1.0
2022-11-24,INR,USD,0.012451
2022-11-25,USD,USD,1.0
2022-11-25,INR,USD,0.012438
2022-11-26,USD,USD,1.0
2022-11-26,INR,USD,0.012453
2022-11-27,USD,USD,1.0
2022-11-27,INR,USD,0.012444
2022-11-28,USD,USD,1.0
2022-11-28,INR,USD,0.012456
2022-11-29,USD,USD,1.0
2022-11-29,INR,USD,0.012465
2022-11-30,USD,USD,1.0
2022-11-30,INR,USD,0.012454
2022-12-01,USD,USD,1.0
2022-12-01,INR,USD,0.012457
2022-12-02,USD,USD,1.0
2022-12-02,INR,USD,0.012455
2022-12-03,USD,USD,1.0
2022-12-03,INR,USD,0.012471
2022-12-04,USD,USD,1.0
2022-12-04,INR,USD,0.012485
2022-12-05,USD,USD,1.0
2022-12-05,INR,USD,0.01248
2022-12-06,USD,USD,1.0
2022-12-06,INR,USD,0.012486
2022-12-07,USD,USD,1.0
2022-12-07,INR,USD,0.012504
2022-12-08,USD,USD,1.0
2022-12-08,INR,USD,0.012497
2022-12-09,USD,USD,1.0
2022-12-09,INR,USD,0.012504
2022-12-10,USD,USD,1.0
2022-12-10,INR,USD,0.012486
2022-12-11,USD,USD,1.0
2022-12-11,INR,USD,0.0125
2022-12-12,USD,USD,1.0
2022-12-12,INR,USD,0.012519
2022-12-13,USD,USD,1.0
2022-12-13,INR,USD,0.012535
2022-12-14,USD,USD,1.0
2022-12-14,INR,USD,0.012526
2022-12-15,USD,USD,1.0
2022-12-15,INR,USD,0.012515
2022-12-16,USD,USD,1.0
2022-12-16,INR,USD,0.012517
2022-12-17,USD,USD,1.0
2022-12-17,INR,USD,0.012534
2022-12-18,USD,USD,1.0
2022-12-18,INR,USD,0.012529
2022-12-19,USD,USD,1.0
2022-12-19,INR,USD,0.012527
2022-12-20,USD,USD,1.0
2022-12-20,INR,USD,0.012509
2022-12-21,USD,USD,1.0
2022-12-21,INR,USD,0.012514
2022-12-22,USD,USD,1.0
2022-12-22,INR,USD,0.012515
2022-12-23,USD,USD,1.0
2022-12-23,INR,USD,0.012533
2022-12-24,USD,USD,1.0
2022-12-24,INR,USD,0.012539
2022-12-25,USD,USD,1.0
2022-12-25,INR,USD,0.01255
2022-12-26,USD,USD,1.0
2022-12-26,INR,USD,0.012552
2022-12-27,USD,USD,1.0
2022-12-27,INR,USD,0.01255
2022-12-28,USD,USD,1.0
2022-12-28,INR,USD,0.012533
2022-12-29,USD,USD,1.0
2022-12-29,INR,USD,0.012545
2022-12-30,USD,USD,1.0
2022-12-30,INR,USD,0.012552
2022-12-31,USD,USD,1.0
2022-12-31,INR,USD,0.012555
2023-01-01,USD,USD,1.0
2023-01-01,INR,USD,0.012573
2023-01-02,USD,USD,1.0
2023-01-02,INR,USD,0.012557
2023-01-03,USD,USD,1.0
2023-01-03,INR,USD,0.012544
2023-01-04,USD,USD,1.0
2023-01-04,INR,USD,0.012561
2023-01-05,USD,USD,1.0
2023-01-05,INR,USD,0.01255
2023-01-06,USD,USD,1.0
2023-01-06,INR,USD,0.012537
2023-01-07,USD,USD,1.0
2023-01-07,INR,USD,0.012548
2023-01-08,USD,USD,1.0
2023-01-08,INR,USD,0.012552
2023-01-09,USD,USD,1.0
2023-01-09,INR,USD,0.012567
2023-01-10,USD,USD,1.0
2023-01-10,INR,USD,0.01258
2023-01-11,USD,USD,1.0
2023-01-11,INR,USD,0.012581
2023-01-12,USD,USD,1.0
2023-01-12,INR,USD,0.012574
2023-01-13,USD,USD,1.0
2023-01-13,INR,USD,0.012576
2023-01-14,USD,USD,1.0
2023-01-14,INR,USD,0.01259
2023-01-15,USD,USD,1.0
2023-01-15,INR,USD,0.012605
2023-01-16,USD,USD,1.0
2023-01-16,INR,USD,0.01262
2023-01-17,USD,USD,1.0
2023-01-17,INR,USD,0.012629
2023-01-18,USD,USD,1.0
2023-01-18,INR,USD,0.012631
2023-01-19,USD,USD,1.0
2023-01-19,INR,USD,0.012621
2023-01-20,USD,USD,1.0
2023-01-20,INR,USD,0.01261
2023-01-21,USD,USD,1.0
2023-01-21,INR,USD,0.012606
2023-01-22,USD,USD,1.0
2023-01-22,INR,USD,0.01261
2023-01-23,USD,USD,1.0
2023-01-23,INR,USD,0.012627
2023-01-24,USD,USD,1.0
2023-01-24,INR,USD,0.01261
2023-01-25,USD,USD,1.0
2023-01-25,INR,USD,0.012607
2023-01-26,USD,USD,1.0
2023-01-26,INR,USD,0.012607
2023-01-27,USD,USD,1.0
2023-01-27,INR,USD,0.012599
2023-01-28,USD,USD,1.0
2023-01-28,INR,USD,0.012607
2023-01-29,USD,USD,1.0
2023-01-29,INR,USD,0.012616
2023-01-30,USD,USD,1.0
2023-01-30,INR,USD,0.012618
2023-01-31,USD,USD,1.0
2023-01-31,INR,USD,0.012633
2023-02-01,USD,USD,1.0
2023-02-01,INR,USD,0.012619
2023-02-02,USD,USD,1.0
2023-02-02,INR,USD,0.012601
2023-02-03,USD,USD,1.0
2023-02-03,INR,USD,0.012592
2023-02-04,USD,USD,1.0
2023-02-04,INR,USD,0.012577
2023-02-05,USD,USD,1.0
2023-02-05,INR,USD,0.012562
2023-02-06,USD,USD,1.0
2023-02-06,INR,USD,0.01257
2023-02-07,USD,USD,1.0
2023-02-07,INR,USD,0.012551
2023-02-08,USD,USD,1.0
2023-02-08,INR,USD,0.012557
2023-02-09,USD,USD,1.0
2023-02-09,INR,USD,0.012575
2023-02-10,USD,USD,1.0
2023-02-10,INR,USD,0.012572
2023-02-11,USD,USD,1.0
2023-02-11,INR,USD,0.012564
2023-02-12,USD,USD,1.0
2023-02-12,INR,USD,0.012579
2023-02-13,USD,USD,1.0
2023-02-13,INR,USD,0.012594
2023-02-14,USD,USD,1.0
2023-02-14,INR,USD,0.012593
2023-02-15,USD,USD,1.0
2023-02-15,INR,USD,0.012589
2023-02-16,USD,USD,1.0
2023-02-16,INR,USD,0.012593
2023-02-17,USD,USD,1.0
2023-02-17,INR,USD,0.012577
2023-02-18,USD,USD,1.0
2023-02-18,INR,USD,0.012574
2023-02-19,USD,USD,1.0
2023-02-19,INR,USD,0.01259
2023-02-20,USD,USD,1.0
2023-02-20,INR,USD,0.012589
2023-02-21,USD,USD,1.0
2023-02-21,INR,USD,0.012577
2023-02-22,USD,USD,1.0
2023-02-22,INR,USD,0.01256
2023-02-23,USD,USD,1.0
2023-02-23,INR,USD,0.01256
2023-02-24,USD,USD,1.0
2023-02-24,INR,USD,0.012541
2023-02-25,USD,USD,1.0
2023-02-25,INR,USD,0.012543
2023-02-26,USD,USD,1.0
2023-02-26,INR,USD,0.012528
2023-02-27,USD,USD,1.0
2023-02-27,INR,USD,0.012548
2023-02-28,USD,USD,1.0
2023-02-28,INR,USD,0.012567
2023-03-01,USD,USD,1.0
2023-03-01,INR,USD,0.012586
2023-03-02,USD,USD,1.0
2023-03-02,INR,USD,0.012585
2023-03-03,USD,USD,1.0
2023-03-03,INR,USD,0.012565
2023-03-04,USD,USD,1.0
2023-03-04,INR,USD,0.012564
2023-03-05,USD,USD,1.0
2023-03-05,INR,USD,0.01255
2023-03-06,USD,USD,1.0
2023-03-06,INR,USD,0.012569
2023-03-07,USD,USD,1.0
2023-03-07,INR,USD,0.012561
2023-03-08,USD,USD,1.0
2023-03-08,INR,USD,0.012553
2023-03-09,USD,USD,1.0
2023-03-09,INR,USD,0.012564
2023-03-10,USD,USD,1.0
2023-03-10,INR,USD,0.012552
2023-03-11,USD,USD,1.0
2023-03-11,INR,USD,0.012535
2023-03-12,USD,USD,1.0
2023-03-12,INR,USD,0.012538
2023-03-13,USD,USD,1.0
2023-03-13,INR,USD,0.012528
2023-03-14,USD,USD,1.0
2023-03-14,INR,USD,0.012521
2023-03-15,USD,USD,1.0
2023-03-15,INR,USD,0.012534
2023-03-16,USD,USD,1.0
2023-03-16,INR,USD,0.012528
2023-03-17,USD,USD,1.0
2023-03-17,INR,USD,0.012533
2023-03-18,USD,USD,1.0
2023-03-18,INR,USD,0.012527
2023-03-19,USD,USD,1.0
2023-03-19,INR,USD,0.012536
2023-03-20,USD,USD,1.0
2023-03-20,INR,USD,0.012554
2023-03-21,USD,USD,1.0
2023-03-21,INR,USD,0.012563
2023-03-22,USD,USD,1.0
2023-03-22,INR,USD,0.01257
2023-03-23,USD,USD,1.0
2023-03-23,INR,USD,0.012563
2023-03-24,USD,USD,1.0
2023-03-24,INR,USD,0.012579
2023-03-25,USD,USD,1.0
2023-03-25,INR,USD,0.01256
2023-03-26,USD,USD,1.0
2023-03-26,INR,USD,0.012555
2023-03-27,USD,USD,1.0
2023-03-27,INR,USD,0.012573
2023-03-28,USD,USD,1.0
2023-03-28,INR,USD,0.012581
2023-03-29,USD,USD,1.0
2023-03-29,INR,USD,0.012586
2023-03-30,USD,USD,1.0
2023-03-30,INR,USD,0.012574
2023-03-31,USD,USD,1.0
2023-03-31,INR,USD,0.012585
2023-04-01,USD,USD,1.0
2023-04-01,INR,USD,0.0126
2023-04-02,USD,USD,1.0
2023-04-02,INR,USD,0.012609
2023-04-03,USD,USD,1.0
2023-04-03,INR,USD,0.012626
2023-04-04,USD,USD,1.0
2023-04-04,INR,USD,0.012645
2023-04-05,USD,USD,1.0
2023-04-05,INR,USD,0.01265
2023-04-06,USD,USD,1.0
2023-04-06,INR,USD,0.012635
2023-04-07,USD,USD,1.0
2023-04-07,INR,USD,0.012617
2023-04-08,USD,USD,1.0
2023-04-08,INR,USD,0.0126
2023-04-09,USD,USD,1.0
2023-04-09,INR,USD,0.012586
2023-04-10,USD,USD,1.0
2023-04-10,INR,USD,0.012589
2023-04-11,USD,USD,1.0
2023-04-11,INR,USD,0.012576
2023-04-12,USD,USD,1.0
2023-04-12,INR,USD,0.012571
2023-04-13,USD,USD,1.0
2023-04-13,INR,USD,0.012556
2023-04-14,USD,USD,1.0
2023-04-14,INR,USD,0.012568
2023-04-15,USD,USD,1.0
2023-04-15,INR,USD,0.012577
2023-04-16,USD,USD,1.0
2023-04-16,INR,USD,0.012581
2023-04-17,USD,USD,1.0
2023-04-17,INR,USD,0.012583
2023-04-18,USD,USD,1.0
2023-04-18,INR,USD,0.012582
2023-04-19,USD,USD,1.0
2023-04-19,INR,USD,0.012571
2023-04-20,USD,USD,1.0
2023-04-20,INR,USD,0.012556
2023-04-21,USD,USD,1.0
2023-04-21,INR,USD,0.012564
2023-04-22,USD,USD,1.0
2023-04-22,INR,USD,0.01258
2023-04-23,USD,USD,1.0
2023-04-23,INR,USD,0.012586
2023-04-24,USD,USD,1.0
2023-04-24,INR,USD,0.012581
2023-04-25,USD,USD,1.0
2023-04-25,INR,USD,0.012599
2023-04-26,USD,USD,1.0
2023-04-26,INR,USD,0.012602
2023-04-27,USD,USD,1.0
2023-04-27,INR,USD,0.012583
2023-04-28,USD,USD,1.0
2023-04-28,INR,USD,0.012587
2023-04-29,USD,USD,1.0
2023-04-29,INR,USD,0.012572
2023-04-30,USD,USD,1.0
2023-04-30,INR,USD,0.012585
2023-05-01,USD,USD,1.0
2023-05-01,INR,USD,0.012605
2023-05-02,USD,USD,1.0
2023-05-02,INR,USD,0.01261
2023-05-03,USD,USD,1.0
2023-05-03,INR,USD,0.012622
2023-05-04,USD,USD,1.0
2023-05-04,INR,USD,0.012623
2023-05-05,USD,USD,1.0
2023-05-05,INR,USD,0.012629
2023-05-06,USD,USD,1.0
2023-05-06,INR,USD,0.012612
2023-05-07,USD,USD,1.0
2023-05-07,INR,USD,0.012601
2023-05-08,USD,USD,1.0
2023-05-08,INR,USD,0.012618
2023-05-09,USD,USD,1.0
2023-05-09,INR,USD,0.012621
2023-05-10,USD,USD,1.0
2023-05-10,INR,USD,0.012607
2023-05-11,USD,USD,1.0
2023-05-11,INR,USD,0.01262
2023-05-12,USD,USD,1.0
2023-05-12,INR,USD,0.012634
2023-05-13,USD,USD,1.0
2023-05-13,INR,USD,0.012616
2023-05-14,USD,USD,1.0
2023-05-14,INR,USD,0.012621
2023-05-15,USD,USD,1.0
2023-05-15,INR,USD,0.012633
2023-05-16,USD,USD,1.0
2023-05-16,INR,USD,0.012652
2023-05-17,USD,USD,1.0
2023-05-17,INR,USD,0.012637
2023-05-18,USD,USD,1.0
2023-05-18,INR,USD,0.012649
2023-05-19,USD,USD,1.0
2023-05-19,INR,USD,0.012663
2023-05-20,USD,USD,1.0
2023-05-20,INR,USD,0.012652
2023-05-21,USD,USD,1.0
2023-05-21,INR,USD,0.012643
2023-05-22,USD,USD,1.0
2023-05-22,INR,USD,0.012642
2023-05-23,USD,USD,1.0
2023-05-23,INR,USD,0.012623
2023-05-24,USD,USD,1.0
2023-05-24,INR,USD,0.012636
2023-05-25,USD,USD,1.0
2023-05-25,INR,USD,0.012617
2023-05-26,USD,USD,1.0
2023-05-26,INR,USD,0.012629
2023-05-27,USD,USD,1.0
2023-05-27,INR,USD,0.012613
2023-05-28,USD,USD,1.0
2023-05-28,INR,USD,0.01262
2023-05-29,USD,USD,1.0
2023-05-29,INR,USD,0.012609
2023-05-30,USD,USD,1.0
2023-05-30,INR,USD,0.012628
2023-05-31,USD,USD,1.0
2023-05-31,INR,USD,0.012636
2023-06-01,USD,USD,1.0
2023-06-01,INR,USD,0.012653
2023-06-02,USD,USD,1.0
2023-06-02,INR,USD,0.012654
2023-06-03,USD,USD,1.0
2023-06-03,INR,USD,0.012645
2023-06-04,USD,USD,1.0
2023-06-04,INR,USD,0.012632
2023-06-05,USD,USD,1.0
2023-06-05,INR,USD,0.012638
2023-06-06,USD,USD,1.0
2023-06-06,INR,USD,0.012646
2023-06-07,USD,USD,1.0
2023-06-07,INR,USD,0.012647
2023-06-08,USD,USD,1.0
2023-06-08,INR,USD,0.012657
2023-06-09,USD,USD,1.0
2023-06-09,INR,USD,0.01266
2023-06-10,USD,USD,1.0
2023-06-10,INR,USD,0.012666
2023-06-11,USD,USD,1.0
2023-06-11,INR,USD,0.01266
2023-06-12,USD,USD,1.0
2023-06-12,INR,USD,0.012663
2023-06-13,USD,USD,1.0
2023-06-13,INR,USD,0.012657
2023-06-14,USD,USD,1.0
2023-06-14,INR,USD,0.012651
2023-06-15,USD,USD,1.0
2023-06-15,INR,USD,0.012638
2023-06-16,USD,USD,1.0
2023-06-16,INR,USD,0.012644
2023-06-17,USD,USD,1.0
2023-06-17,INR,USD,0.012646
2023-06-18,USD,USD,1.0
2023-06-18,INR,USD,0.012659
2023-06-19,USD,USD,1.0
2023-06-19,INR,USD,0.012678
2023-06-20,USD,USD,1.0
2023-06-20,INR,USD,0.012695
2023-06-21,USD,USD,1.0
2023-06-21,INR,USD,0.012677
2023-06-22,USD,USD,1.0
2023-06-22,INR,USD,0.012687
2023-06-23,USD,USD,1.0
2023-06-23,INR,USD,0.012676
2023-06-24,USD,USD,1.0
2023-06-24,INR,USD,0.012674
2023-06-25,USD,USD,1.0
2023-06-25,INR,USD,0.012675
2023-06-26,USD,USD,1.0
2023-06-26,INR,USD,0.012661
2023-06-27,USD,USD,1.0
2023-06-27,INR,USD,0.012646
2023-06-28,USD,USD,1.0
2023-06-28,INR,USD,0.012648
2023-06-29,USD,USD,1.0
2023-06-29,INR,USD,0.012652
2023-06-30,USD,USD,1.0
2023-06-30,INR,USD,0.012661
2023-07-01,USD,USD,1.0
2023-07-01,INR,USD,0.012656
2023-07-02,USD,USD,1.0
2023-07-02,INR,USD,0.012651
2023-07-03,USD,USD,1.0
2023-07-03,INR,USD,0.012668
2023-07-04,USD,USD,1.0
2023-07-04,INR,USD,0.01265
2023-07-05,USD,USD,1.0
2023-07-05,INR,USD,0.012653
2023-07-06,USD,USD,1.0
2023-07-06,INR,USD,0.012635
2023-07-07,USD,USD,1.0
2023-07-07,INR,USD,0.012635
2023-07-08,USD,USD,1.0
2023-07-08,INR,USD,0.012651
2023-07-09,USD,USD,1.0
2023-07-09,INR,USD,0.012645
2023-07-10,USD,USD,1.0
2023-07-10,INR,USD,0.012628
2023-07-11,USD,USD,1.0
2023-07-11,INR,USD,0.012642
2023-07-12,USD,USD,1.0
2023-07-12,INR,USD,0.01266
2023-07-13,USD,USD,1.0
2023-07-13,INR,USD,0.01265
2023-07-14,USD,USD,1.0
2023-07-14,INR,USD,0.012642
2023-07-15,USD,USD,1.0
2023-07-15,INR,USD,0.012642
2023-07-16,USD,USD,1.0
2023-07-16,INR,USD,0.012662
2023-07-17,USD,USD,1.0
2023-07-17,INR,USD,0.012648
2023-07-18,USD,USD,1.0
2023-07-18,INR,USD,0.012664
2023-07-19,USD,USD,1.0
2023-07-19,INR,USD,0.012672
2023-07-20,USD,USD,1.0
2023-07-20,INR,USD,0.012663
2023-07-21,USD,USD,1.0
2023-07-21,INR,USD,0.012668
2023-07-22,USD,USD,1.0
2023-07-22,INR,USD,0.012651
2023-07-23,USD,USD,1.0
2023-07-23,INR,USD,0.012638
2023-07-24,USD,USD,1.0
2023-07-24,INR,USD,0.012658
2023-07-25,USD,USD,1.0
2023-07-25,INR,USD,0.012663
2023-07-26,USD,USD,1.0
2023-07-26,INR,USD,0.012681
2023-07-27,USD,USD,1.0
2023-07-27,INR,USD,0.012689
2023-07-28,USD,USD,1.0
2023-07-28,INR,USD,0.012698
2023-07-29,USD,USD,1.0
2023-07-29,INR,USD,0.012679
2023-07-30,USD,USD,1.0
2023-07-30,INR,USD,0.012693
2023-07-31,USD,USD,1.0
2023-07-31,INR,USD,0.01268
2023-08-01,USD,USD,1.0
2023-08-01,INR,USD,0.012674
2023-08-02,USD,USD,1.0
2023-08-02,INR,USD,0.012687
2023-08-03,USD,USD,1.0
2023-08-03,INR,USD,0.012693
2023-08-04,USD,USD,1.0
2023-08-04,INR,USD,0.012678
2023-08-05,USD,USD,1.0
2023-08-05,INR,USD,0.012697
2023-08-06,USD,USD,1.0
2023-08-06,INR,USD,0.012708
2023-08-07,USD,USD,1.0
2023-08-07,INR,USD,0.012702
2023-08-08,USD,USD,1.0
2023-08-08,INR,USD,0.012712
2023-08-09,USD,USD,1.0
2023-08-09,INR,USD,0.012703
2023-08-10,USD,USD,1.0
2023-08-10,INR,USD,0.012687
2023-08-11,USD,USD,1.0
2023-08-11,INR,USD,0.012702
2023-08-12,USD,USD,1.0
2023-08-12,INR,USD,0.012688
2023-08-13,USD,USD,1.0
2023-08-13,INR,USD,0.01268
2023-08-14,USD,USD,1.0
2023-08-14,INR,USD,0.012683
2023-08-15,USD,USD,1.0
2023-08-15,INR,USD,0.012702
2023-08-16,USD,USD,1.0
2023-08-16,INR,USD,0.012713
2023-08-17,USD,USD,1.0
2023-08-17,INR,USD,0.012719
2023-08-18,USD,USD,1.0
2023-08-18,INR,USD,0.012722
2023-08-19,USD,USD,1.0
2023-08-19,INR,USD,0.01272
2023-08-20,USD,USD,1.0
2023-08-20,INR,USD,0.0127
2023-08-21,USD,USD,1.0
2023-08-21,INR,USD,0.012701
2023-08-22,USD,USD,1.0
2023-08-22,INR,USD,0.012708
2023-08-23,USD,USD,1.0
2023-08-23,INR,USD,0.012706
2023-08-24,USD,USD,1.0
2023-08-24,INR,USD,0.012721
2023-08-25,USD,USD,1.0
2023-08-25,INR,USD,0.012705
2023-08-26,USD,USD,1.0
2023-08-26,INR,USD,0.012703
2023-08-27,USD,USD,1.0
2023-08-27,INR,USD,0.012709
2023-08-28,USD,USD,1.0
2023-08-28,INR,USD,0.012714
2023-08-29,USD,USD,1.0
2023-08-29,INR,USD,0.012697
2023-08-30,USD,USD,1.0
2023-08-30,INR,USD,0.012685
2023-08-31,USD,USD,1.0
2023-08-31,INR,USD,0.012678
2023-09-01,USD,USD,1.0
2023-09-01,INR,USD,0.012685
2023-09-02,USD,USD,1.0
2023-09-02,INR,USD,0.012689
2023-09-03,USD,USD,1.0
2023-09-03,INR,USD,0.012692
2023-09-04,USD,USD,1.0
2023-09-04,INR,USD,0.012679
2023-09-05,USD,USD,1.0
2023-09-05,INR,USD,0.012697
2023-09-06,USD,USD,1.0
2023-09-06,INR,USD,0.012683
2023-09-07,USD,USD,1.0
2023-09-07,INR,USD,0.012664
2023-09-08,USD,USD,1.0
2023-09-08,INR,USD,0.012671
2023-09-09,USD,USD,1.0
2023-09-09,INR,USD,0.012656
2023-09-10,USD,USD,1.0
2023-09-10,INR,USD,0.012641
2023-09-11,USD,USD,1.0
2023-09-11,INR,USD,0.012659
2023-09-12,USD,USD,1.0
2023-09-12,INR,USD,0.012642
2023-09-13,USD,USD,1.0
2023-09-13,INR,USD,0.012659
2023-09-14,USD,USD,1.0
2023-09-14,INR,USD,0.012675
2023-09-15,USD,USD,1.0
2023-09-15,INR,USD,0.012659
2023-09-16,USD,USD,1.0
2023-09-16,INR,USD,0.01266
2023-09-17,USD,USD,1.0
2023-09-17,INR,USD,0.012658
2023-09-18,USD,USD,1.0
2023-09-18,INR,USD,0.012643
2023-09-19,USD,USD,1.0
2023-09-19,INR,USD,0.012639
2023-09-20,USD,USD,1.0
2023-09-20,INR,USD,0.012638
2023-09-21,USD,USD,1.0
2023-09-21,INR,USD,0.012631
2023-09-22,USD,USD,1.0
2023-09-22,INR,USD,0.012629
2023-09-23,USD,USD,1.0
2023-09-23,INR,USD,0.01264
2023-09-24,USD,USD,1.0
2023-09-24,INR,USD,0.012641
2023-09-25,USD,USD,1.0
2023-09-25,INR,USD,0.012654
2023-09-26,USD,USD,1.0
2023-09-26,INR,USD,0.012635
2023-09-27,USD,USD,1.0
2023-09-27,INR,USD,0.012648
2023-09-28,USD,USD,1.0
2023-09-28,INR,USD,0.012655
2023-09-29,USD,USD,1.0
2023-09-29,INR,USD,0.01264
2023-09-30,USD,USD,1.0
2023-09-30,INR,USD,0.012659
2023-10-01,USD,USD,1.0
2023-10-01,INR,USD,0.012641
2023-10-02,USD,USD,1.0
2023-10-02,INR,USD,0.012656
2023-10-03,USD,USD,1.0
2023-10-03,INR,USD,0.012667
2023-10-04,USD,USD,1.0
2023-10-04,INR,USD,0.012649
2023-10-05,USD,USD,1.0
2023-10-05,INR,USD,0.012638
2023-10-06,USD,USD,1.0
2023-10-06,INR,USD,0.012628
2023-10-07,USD,USD,1.0
2023-10-07,INR,USD,0.012628
2023-10-08,USD,USD,1.0
2023-10-08,INR,USD,0.012617
2023-10-09,USD,USD,1.0
2023-10-09,INR,USD,0.012621
2023-10-10,USD,USD,1.0
2023-10-10,INR,USD,0.012606
2023-10-11,USD,USD,1.0
2023-10-11,INR,USD,0.012591
2023-10-12,USD,USD,1.0
2023-10-12,INR,USD,0.012604
2023-10-13,USD,USD,1.0
2023-10-13,INR,USD,0.012615
2023-10-14,USD,USD,1.0
2023-10-14,INR,USD,0.012633
2023-10-15,USD,USD,1.0
2023-10-15,INR,USD,0.012637
2023-10-16,USD,USD,1.0
2023-10-16,INR,USD,0.012626
2023-10-17,USD,USD,1.0
2023-10-17,INR,USD,0.01262
2023-10-18,USD,USD,1.0
2023-10-18,INR,USD,0.012626
2023-10-19,USD,USD,1.0
2023-10-19,INR,USD,0.012646
2023-10-20,USD,USD,1.0
2023-10-20,INR,USD,0.012657
2023-10-21,USD,USD,1.0
2023-10-21,INR,USD,0.012673
2023-10-22,USD,USD,1.0
2023-10-22,INR,USD,0.012677
2023-10-23,USD,USD,1.0
2023-10-23,INR,USD,0.012673
2023-10-24,USD,USD,1.0
2023-10-24,INR,USD,0.012659
2023-10-25,USD,USD,1.0
2023-10-25,INR,USD,0.01266
2023-10-26,USD,USD,1.0
2023-10-26,INR,USD,0.012674
2023-10-27,USD,USD,1.0
2023-10-27,INR,USD,0.012683
2023-10-28,USD,USD,1.0
2023-10-28,INR,USD,0.01267
2023-10-29,USD,USD,1.0
2023-10-29,INR,USD,0.012674
2023-10-30,USD,USD,1.0
2023-10-30,INR,USD,0.012687
2023-10-31,USD,USD,1.0
2023-10-31,INR,USD,0.012697
2023-11-01,USD,USD,1.0
2023-11-01,INR,USD,0.012709
2023-11-02,USD,USD,1.0
2023-11-02,INR,USD,0.012715
2023-11-03,USD,USD,1.0
2023-11-03,INR,USD,0.012734
2023-11-04,USD,USD,1.0
2023-11-04,INR,USD,0.012739
2023-11-05,USD,USD,1.0
2023-11-05,INR,USD,0.012758
2023-11-06,USD,USD,1.0
2023-11-06,INR,USD,0.01275
2023-11-07,USD,USD,1.0
2023-11-07,INR,USD,0.01275
2023-11-08,USD,USD,1.0
2023-11-08,INR,USD,0.012759
2023-11-09,USD,USD,1.0
2023-11-09,INR,USD,0.012757
2023-11-10,USD,USD,1.0
2023-11-10,INR,USD,0.01274
2023-11-11,USD,USD,1.0
2023-11-11,INR,USD,0.012731
2023-11-12,USD,USD,1.0
2023-11-12,INR,USD,0.012729
2023-11-13,USD,USD,1.0
2023-11-13,INR,USD,0.012729
2023-11-14,USD,USD,1.0
2023-11-14,INR,USD,0.012731
2023-11-15,USD,USD,1.0
2023-11-15,INR,USD,0.012728
2023-11-16,USD,USD,1.0
2023-11-16,INR,USD,0.012712
2023-11-17,USD,USD,1.0
2023-11-17,INR,USD,0.01271
2023-11-18,USD,USD,1.0
2023-11-18,INR,USD,0.012721
2023-11-19,USD,USD,1.0
2023-11-19,INR,USD,0.012736
2023-11-20,USD,USD,1.0
2023-11-20,INR,USD,0.012753
2023-11-21,USD,USD,1.0
2023-11-21,INR,USD,0.012738
2023-11-22,USD,USD,1.0
2023-11-22,INR,USD,0.012746
2023-11-23,USD,USD,1.0
2023-11-23,INR,USD,0.01273
2023-11-24,USD,USD,1.0
2023-11-24,INR,USD,0.012719
2023-11-25,USD,USD,1.0
2023-11-25,INR,USD,0.012713
2023-11-26,USD,USD,1.0
2023-11-26,INR,USD,0.012726
2023-11-27,USD,USD,1.0
2023-11-27,INR,USD,0.012721
2023-11-28,USD,USD,1.0
2023-11-28,INR,USD,0.012723
2023-11-29,USD,USD,1.0
2023-11-29,INR,USD,0.012724
2023-11-30,USD,USD,1.0
2023-11-30,INR,USD,0.01272
2023-12-01,USD,USD,1.0
2023-12-01,INR,USD,0.012704
2023-12-02,USD,USD,1.0
2023-12-02,INR,USD,0.012701
2023-12-03,USD,USD,1.0
2023-12-03,INR,USD,0.012688
2023-12-04,USD,USD,1.0
2023-12-04,INR,USD,0.012699
2023-12-05,USD,USD,1.0
2023-12-05,INR,USD,0.012693
2023-12-06,USD,USD,1.0
2023-12-06,INR,USD,0.012682
2023-12-07,USD,USD,1.0
2023-12-07,INR,USD,0.012665
2023-12-08,USD,USD,1.0
2023-12-08,INR,USD,0.01268
2023-12-09,USD,USD,1.0
2023-12-09,INR,USD,0.0127
2023-12-10,USD,USD,1.0
2023-12-10,INR,USD,0.012715
2023-12-11,USD,USD,1.0
2023-12-11,INR,USD,0.012698
2023-12-12,USD,USD,1.0
2023-12-12,INR,USD,0.012715
2023-12-13,USD,USD,1.0
2023-12-13,INR,USD,0.01271
2023-12-14,USD,USD,1.0
2023-12-14,INR,USD,0.012711
2023-12-15,USD,USD,1.0
2023-12-15,INR,USD,0.012724
2023-12-16,USD,USD,1.0
2023-12-16,INR,USD,0.012723
2023-12-17,USD,USD,1.0
2023-12-17,INR,USD,0.012738
2023-12-18,USD,USD,1.0
2023-12-18,INR,USD,0.012744
2023-12-19,USD,USD,1.0
2023-12-19,INR,USD,0.012739
2023-12-20,USD,USD,1.0
2023-12-20,INR,USD,0.012735
2023-12-21,USD,USD,1.0
2023-12-21,INR,USD,0.012753
2023-12-22,USD,USD,1.0
2023-12-22,INR,USD,0.01276
2023-12-23,USD,USD,1.0
2023-12-23,INR,USD,0.012748
2023-12-24,USD,USD,1.0
2023-12-24,INR,USD,0.012753
2023-12-25,USD,USD,1.0
2023-12-25,INR,USD,0.012771
2023-12-26,USD,USD,1.0
2023-12-26,INR,USD,0.012789
2023-12-27,USD,USD,1.0
2023-12-27,INR,USD,0.012786
2023-12-28,USD,USD,1.0
2023-12-28,INR,USD,0.0128
2023-12-29,USD,USD,1.0
2023-12-29,INR,USD,0.012784
2023-12-30,USD,USD,1.0
2023-12-30,INR,USD,0.012767
2023-12-31,USD,USD,1.0
2023-12-31,INR,USD,0.012752
2024-01-01,USD,USD,1.0
2024-01-01,INR,USD,0.012764
2024-01-02,USD,USD,1.0
2024-01-02,INR,USD,0.012756
2024-01-03,USD,USD,1.0
2024-01-03,INR,USD,0.01274
2024-01-04,USD,USD,1.0
2024-01-04,INR,USD,0.012742
2024-01-05,USD,USD,1.0
2024-01-05,INR,USD,0.012743
2024-01-06,USD,USD,1.0
2024-01-06,INR,USD,0.012751
2024-01-07,USD,USD,1.0
2024-01-07,INR,USD,0.012753
2024-01-08,USD,USD,1.0
2024-01-08,INR,USD,0.012767
2024-01-09,USD,USD,1.0
2024-01-09,INR,USD,0.012768
2024-01-10,USD,USD,1.0
2024-01-10,INR,USD,0.012785
2024-01-11,USD,USD,1.0
2024-01-11,INR,USD,0.01277
2024-01-12,USD,USD,1.0
2024-01-12,INR,USD,0.012783
2024-01-13,USD,USD,1.0
2024-01-13,INR,USD,0.012781
2024-01-14,USD,USD,1.0
2024-01-14,INR,USD,0.012779
2024-01-15,USD,USD,1.0
2024-01-15,INR,USD,0.012799
2024-01-16,USD,USD,1.0
2024-01-16,INR,USD,0.012802
2024-01-17,USD,USD,1.0
2024-01-17,INR,USD,0.012793
2024-01-18,USD,USD,1.0
2024-01-18,INR,USD,0.012795
2024-01-19,USD,USD,1.0
2024-01-19,INR,USD,0.01278
2024-01-20,USD,USD,1.0
2024-01-20,INR,USD,0.012789
2024-01-21,USD,USD,1.0
2024-01-21,INR,USD,0.012788
2024-01-22,USD,USD,1.0
2024-01-22,INR,USD,0.012792
2024-01-23,USD,USD,1.0
2024-01-23,INR,USD,0.012788
2024-01-24,USD,USD,1.0
2024-01-24,INR,USD,0.012791
2024-01-25,USD,USD,1.0
2024-01-25,INR,USD,0.012787
2024-01-26,USD,USD,1.0
2024-01-26,INR,USD,0.012772
2024-01-27,USD,USD,1.0
2024-01-27,INR,USD,0.012754
2024-01-28,USD,USD,1.0
2024-01-28,INR,USD,0.012753
2024-01-29,USD,USD,1.0
2024-01-29,INR,USD,0.012765
2024-01-30,USD,USD,1.0
2024-01-30,INR,USD,0.012747
2024-01-31,USD,USD,1.0
2024-01-31,INR,USD,0.01276
2024-02-01,USD,USD,1.0
2024-02-01,INR,USD,0.012761
2024-02-02,USD,USD,1.0
2024-02-02,INR,USD,0.012777
2024-02-03,USD,USD,1.0
2024-02-03,INR,USD,0.012789
2024-02-04,USD,USD,1.0
2024-02-04,INR,USD,0.012795
2024-02-05,USD,USD,1.0
2024-02-05,INR,USD,0.012792
2024-02-06,USD,USD,1.0
2024-02-06,INR,USD,0.012781
2024-02-07,USD,USD,1.0
2024-02-07,INR,USD,0.01278
2024-02-08,USD,USD,1.0
2024-02-08,INR,USD,0.01276
2024-02-09,USD,USD,1.0
2024-02-09,INR,USD,0.012773
2024-02-10,USD,USD,1.0
2024-02-10,INR,USD,0.012792
2024-02-11,USD,USD,1.0
2024-02-11,INR,USD,0.012775
2024-02-12,USD,USD,1.0
2024-02-12,INR,USD,0.012784
2024-02-13,USD,USD,1.0
2024-02-13,INR,USD,0.012776
2024-02-14,USD,USD,1.0
2024-02-14,INR,USD,0.012772
2024-02-15,USD,USD,1.0
2024-02-15,INR,USD,0.012768
2024-02-16,USD,USD,1.0
2024-02-16,INR,USD,0.012753
2024-02-17,USD,USD,1.0
2024-02-17,INR,USD,0.012745
2024-02-18,USD,USD,1.0
2024-02-18,INR,USD,0.012754
2024-02-19,USD,USD,1.0
2024-02-19,INR,USD,0.012753
2024-02-20,USD,USD,1.0
2024-02-20,INR,USD,0.01276
2024-02-21,USD,USD,1.0
2024-02-21,INR,USD,0.012753
2024-02-22,USD,USD,1.0
2024-02-22,INR,USD,0.012752
2024-02-23,USD,USD,1.0
2024-02-23,INR,USD,0.012749
2024-02-24,USD,USD,1.0
2024-02-24,INR,USD,0.012751
2024-02-25,USD,USD,1.0
2024-02-25,INR,USD,0.01276
2024-02-26,USD,USD,1.0
2024-02-26,INR,USD,0.012769
2024-02-27,USD,USD,1.0
2024-02-27,INR,USD,0.012775
2024-02-28,USD,USD,1.0
2024-02-28,INR,USD,0.012757
2024-02-29,USD,USD,1.0
2024-02-29,INR,USD,0.012753
2024-03-01,USD,USD,1.0
2024-03-01,INR,USD,0.012744
2024-03-02,USD,USD,1.0
2024-03-02,INR,USD,0.01273
2024-03-03,USD,USD,1.0
2024-03-03,INR,USD,0.012715
2024-03-04,USD,USD,1.0
2024-03-04,INR,USD,0.012731
2024-03-05,USD,USD,1.0
2024-03-05,INR,USD,0.012718
2024-03-06,USD,USD,1.0
2024-03-06,INR,USD,0.012698
2024-03-07,USD,USD,1.0
2024-03-07,INR,USD,0.012679
2024-03-08,USD,USD,1.0
2024-03-08,INR,USD,0.012692
2024-03-09,USD,USD,1.0
2024-03-09,INR,USD,0.012686
2024-03-10,USD,USD,1.0
2024-03-10,INR,USD,0.01267
2024-03-11,USD,USD,1.0
2024-03-11,INR,USD,0.012663
2024-03-12,USD,USD,1.0
2024-03-12,INR,USD,0.012655
2024-03-13,USD,USD,1.0
2024-03-13,INR,USD,0.012659
2024-03-14,USD,USD,1.0
2024-03-14,INR,USD,0.012654
2024-03-15,USD,USD,1.0
2024-03-15,INR,USD,0.012672
2024-03-16,USD,USD,1.0
2024-03-16,INR,USD,0.012657
2024-03-17,USD,USD,1.0
2024-03-17,INR,USD,0.012668
2024-03-18,USD,USD,1.0
2024-03-18,INR,USD,0.012648
2024-03-19,USD,USD,1.0
2024-03-19,INR,USD,0.012632
2024-03-20,USD,USD,1.0
2024-03-20,INR,USD,0.01262
2024-03-21,USD,USD,1.0
2024-03-21,INR,USD,0.012621
2024-03-22,USD,USD,1.0
2024-03-22,INR,USD,0.012601
2024-03-23,USD,USD,1.0
2024-03-23,INR,USD,0.012605
2024-03-24,USD,USD,1.0
2024-03-24,INR,USD,0.012611
2024-03-25,USD,USD,1.0
2024-03-25,INR,USD,0.012614
2024-03-26,USD,USD,1.0
2024-03-26,INR,USD,0.012629
2024-03-27,USD,USD,1.0
2024-03-27,INR,USD,0.012643
2024-03-28,USD,USD,1.0
2024-03-28,INR,USD,0.012653
2024-03-29,USD,USD,1.0
2024-03-29,INR,USD,0.01266
2024-03-30,USD,USD,1.0
2024-03-30,INR,USD,0.01265
2024-03-31,USD,USD,1.0
2024-03-31,INR,USD,0.012635
2024-04-01,USD,USD,1.0
2024-04-01,INR,USD,0.01262
2024-04-02,USD,USD,1.0
2024-04-02,INR,USD,0.012619
2024-04-03,USD,USD,1.0
2024-04-03,INR,USD,0.012638
2024-04-04,USD,USD,1.0
2024-04-04,INR,USD,0.012618
2024-04-05,USD,USD,1.0
2024-04-05,INR,USD,0.012625
2024-04-06,USD,USD,1.0
2024-04-06,INR,USD,0.01263
2024-04-07,USD,USD,1.0
2024-04-07,INR,USD,0.012617
2024-04-08,USD,USD,1.0
2024-04-08,INR,USD,0.012616
2024-04-09,USD,USD,1.0
2024-04-09,INR,USD,0.012602
2024-04-10,USD,USD,1.0
2024-04-10,INR,USD,0.012593
2024-04-11,USD,USD,1.0
2024-04-11,INR,USD,0.012612
2024-04-12,USD,USD,1.0
2024-04-12,INR,USD,0.012624
2024-04-13,USD,USD,1.0
2024-04-13,INR,USD,0.012608
2024-04-14,USD,USD,1.0
2024-04-14,INR,USD,0.012619
2024-04-15,USD,USD,1.0
2024-04-15,INR,USD,0.0126
2024-04-16,USD,USD,1.0
2024-04-16,INR,USD,0.012594
2024-04-17,USD,USD,1.0
2024-04-17,INR,USD,0.012588
2024-04-18,USD,USD,1.0
2024-04-18,INR,USD,0.01259
2024-04-19,USD,USD,1.0
2024-04-19,INR,USD,0.012605
2024-04-20,USD,USD,1.0
2024-04-20,INR,USD,0.0126
2024-04-21,USD,USD,1.0
2024-04-21,INR,USD,0.012618
2024-04-22,USD,USD,1.0
2024-04-22,INR,USD,0.012615
2024-04-23,USD,USD,1.0
2024-04-23,INR,USD,0.012617
2024-04-24,USD,USD,1.0
2024-04-24,INR,USD,0.012598
2024-04-25,USD,USD,1.0
2024-04-25,INR,USD,0.012616
2024-04-26,USD,USD,1.0
2024-04-26,INR,USD,0.012622
2024-04-27,USD,USD,1.0
2024-04-27,INR,USD,0.012628
2024-04-28,USD,USD,1.0
2024-04-28,INR,USD,0.012646
2024-04-29,USD,USD,1.0
2024-04-29,INR,USD,0.012641
2024-04-30,USD,USD,1.0
2024-04-30,INR,USD,0.012638
2024-05-01,USD,USD,1.0
2024-05-01,INR,USD,0.012626
2024-05-02,USD,USD,1.0
2024-05-02,INR,USD,0.012628
2024-05-03,USD,USD,1.0
2024-05-03,INR,USD,0.012614
2024-05-04,USD,USD,1.0
2024-05-04,INR,USD,0.012599
2024-05-05,USD,USD,1.0
2024-05-05,INR,USD,0.012617
2024-05-06,USD,USD,1.0
2024-05-06,INR,USD,0.012599
2024-05-07,USD,USD,1.0
2024-05-07,INR,USD,0.012615
2024-05-08,USD,USD,1.0
2024-05-08,INR,USD,0.0126
2024-05-09,USD,USD,1.0
2024-05-09,INR,USD,0.012619
2024-05-10,USD,USD,1.0
2024-05-10,INR,USD,0.01263
2024-05-11,USD,USD,1.0
2024-05-11,INR,USD,0.012632
2024-05-12,USD,USD,1.0
2024-05-12,INR,USD,0.012618
2024-05-13,USD,USD,1.0
2024-05-13,INR,USD,0.012601
2024-05-14,USD,USD,1.0
2024-05-14,INR,USD,0.012588
2024-05-15,USD,USD,1.0
2024-05-15,INR,USD,0.012596
2024-05-16,USD,USD,1.0
2024-05-16,INR,USD,0.012581
2024-05-17,USD,USD,1.0
2024-05-17,INR,USD,0.012592
2024-05-18,USD,USD,1.0
2024-05-18,INR,USD,0.012583
2024-05-19,USD,USD,1.0
2024-05-19,INR,USD,0.012599
2024-05-20,USD,USD,1.0
2024-05-20,INR,USD,0.012584
2024-05-21,USD,USD,1.0
2024-05-21,INR,USD,0.012591
2024-05-22,USD,USD,1.0
2024-05-22,INR,USD,0.012605
2024-05-23,USD,USD,1.0
2024-05-23,INR,USD,0.012604
2024-05-24,USD,USD,1.0
2024-05-24,INR,USD,0.012605
2024-05-25,USD,USD,1.0
2024-05-25,INR,USD,0.012598
2024-05-26,USD,USD,1.0
2024-05-26,INR,USD,0.012584
2024-05-27,USD,USD,1.0
2024-05-27,INR,USD,0.01257
2024-05-28,USD,USD,1.0
2024-05-28,INR,USD,0.012576
2024-05-29,USD,USD,1.0
2024-05-29,INR,USD,0.012564
2024-05-30,USD,USD,1.0
2024-05-30,INR,USD,0.012545
2024-05-31,USD,USD,1.0
2024-05-31,INR,USD,0.012557
2024-06-01,USD,USD,1.0
2024-06-01,INR,USD,0.012558
2024-06-02,USD,USD,1.0
2024-06-02,INR,USD,0.012567
2024-06-03,USD,USD,1.0
2024-06-03,INR,USD,0.012555
2024-06-04,USD,USD,1.0
2024-06-04,INR,USD,0.012546
2024-06-05,USD,USD,1.0
2024-06-05,INR,USD,0.01254
2024-06-06,USD,USD,1.0
2024-06-06,INR,USD,0.01256
2024-06-07,USD,USD,1.0
2024-06-07,INR,USD,0.012553
2024-06-08,USD,USD,1.0
2024-06-08,INR,USD,0.012568
2024-06-09,USD,USD,1.0
2024-06-09,INR,USD,0.01257
2024-06-10,USD,USD,1.0
2024-06-10,INR,USD,0.012589
2024-06-11,USD,USD,1.0
2024-06-11,INR,USD,0.012599
2024-06-12,USD,USD,1.0
2024-06-12,INR,USD,0.012591
2024-06-13,USD,USD,1.0
2024-06-13,INR,USD,0.012579
2024-06-14,USD,USD,1.0
2024-06-14,INR,USD,0.012594
2024-06-15,USD,USD,1.0
2024-06-15,INR,USD,0.012593
2024-06-16,USD,USD,1.0
2024-06-16,INR,USD,0.012605
2024-06-17,USD,USD,1.0
2024-06-17,INR,USD,0.01261
2024-06-18,USD,USD,1.0
2024-06-18,INR,USD,0.012601
2024-06-19,USD,USD,1.0
2024-06-19,INR,USD,0.012616
2024-06-20,USD,USD,1.0
2024-06-20,INR,USD,0.012633
2024-06-21,USD,USD,1.0
2024-06-21,INR,USD,0.01265
2024-06-22,USD,USD,1.0
2024-06-22,INR,USD,0.012662
2024-06-23,USD,USD,1.0
2024-06-23,INR,USD,0.01266
2024-06-24,USD,USD,1.0
2024-06-24,INR,USD,0.012673
2024-06-25,USD,USD,1.0
2024-06-25,INR,USD,0.012668
2024-06-26,USD,USD,1.0
2024-06-26,INR,USD,0.012667
2024-06-27,USD,USD,1.0
2024-06-27,INR,USD,0.012667
2024-06-28,USD,USD,1.0
2024-06-28,INR,USD,0.012665
2024-06-29,USD,USD,1.0
2024-06-29,INR,USD,0.012657
2024-06-30,USD,USD,1.0
2024-06-30,INR,USD,0.012647
2024-07-01,USD,USD,1.0
2024-07-01,INR,USD,0.01264
2024-07-02,USD,USD,1.0
2024-07-02,INR,USD,0.012629
2024-07-03,USD,USD,1.0
2024-07-03,INR,USD,0.01263
2024-07-04,USD,USD,1.0
2024-07-04,INR,USD,0.01263
2024-07-05,USD,USD,1.0
2024-07-05,INR,USD,0.012641
2024-07-06,USD,USD,1.0
2024-07-06,INR,USD,0.012627
2024-07-07,USD,USD,1.0
2024-07-07,INR,USD,0.012632
2024-07-08,USD,USD,1.0
2024-07-08,INR,USD,0.012644
2024-07-09,USD,USD,1.0
2024-07-09,INR,USD,0.012649
2024-07-10,USD,USD,1.0
2024-07-10,INR,USD,0.012657
2024-07-11,USD,USD,1.0
2024-07-11,INR,USD,0.012667
2024-07-12,USD,USD,1.0
2024-07-12,INR,USD,0.012672
2024-07-13,USD,USD,1.0
2024-07-13,INR,USD,0.012682
2024-07-14,USD,USD,1.0
2024-07-14,INR,USD,0.012674
2024-07-15,USD,USD,1.0
2024-07-15,INR,USD,0.012655
2024-07-16,USD,USD,1.0
2024-07-16,INR,USD,0.012672
2024-07-17,USD,USD,1.0
2024-07-17,INR,USD,0.012675
2024-07-18,USD,USD,1.0
2024-07-18,INR,USD,0.012686
2024-07-19,USD,USD,1.0
2024-07-19,INR,USD,0.012703
2024-07-20,USD,USD,1.0
2024-07-20,INR,USD,0.012687
2024-07-21,USD,USD,1.0
2024-07-21,INR,USD,0.012703
2024-07-22,USD,USD,1.0
2024-07-22,INR,USD,0.012684
2024-07-23,USD,USD,1.0
2024-07-23,INR,USD,0.01268
2024-07-24,USD,USD,1.0
2024-07-24,INR,USD,0.012695
2024-07-25,USD,USD,1.0
2024-07-25,INR,USD,0.012709
2024-07-26,USD,USD,1.0
2024-07-26,INR,USD,0.012721
2024-07-27,USD,USD,1.0
2024-07-27,INR,USD,0.012707
2024-07-28,USD,USD,1.0
2024-07-28,INR,USD,0.012697
2024-07-29,USD,USD,1.0
2024-07-29,INR,USD,0.012714
2024-07-30,USD,USD,1.0
2024-07-30,INR,USD,0.012717
2024-07-31,USD,USD,1.0
2024-07-31,INR,USD,0.012724
2024-08-01,USD,USD,1.0
2024-08-01,INR,USD,0.012736
2024-08-02,USD,USD,1.0
2024-08-02,INR,USD,0.012722
2024-08-03,USD,USD,1.0
2024-08-03,INR,USD,0.012722
2024-08-04,USD,USD,1.0
2024-08-04,INR,USD,0.012703
2024-08-05,USD,USD,1.0
2024-08-05,INR,USD,0.012691
2024-08-06,USD,USD,1.0
2024-08-06,INR,USD,0.012685
2024-08-07,USD,USD,1.0
2024-08-07,INR,USD,0.012678
2024-08-08,USD,USD,1.0
2024-08-08,INR,USD,0.012666
2024-08-09,USD,USD,1.0
2024-08-09,INR,USD,0.012656
2024-08-10,USD,USD,1.0
2024-08-10,INR,USD,0.012645
2024-08-11,USD,USD,1.0
2024-08-11,INR,USD,0.012665
2024-08-12,USD,USD,1.0
2024-08-12,INR,USD,0.012645
2024-08-13,USD,USD,1.0
2024-08-13,INR,USD,0.012656
2024-08-14,USD,USD,1.0
2024-08-14,INR,USD,0.012639
2024-08-15,USD,USD,1.0
2024-08-15,INR,USD,0.012634
2024-08-16,USD,USD,1.0
2024-08-16,INR,USD,0.012641
2024-08-17,USD,USD,1.0
2024-08-17,INR,USD,0.012628
2024-08-18,USD,USD,1.0
2024-08-18,INR,USD,0.012634
2024-08-19,USD,USD,1.0
2024-08-19,INR,USD,0.012628
2024-08-20,USD,USD,1.0
2024-08-20,INR,USD,0.012643
2024-08-21,USD,USD,1.0
2024-08-21,INR,USD,0.012659
2024-08-22,USD,USD,1.0
2024-08-22,INR,USD,0.012657
2024-08-23,USD,USD,1.0
2024-08-23,INR,USD,0.012645
2024-08-24,USD,USD,1.0
2024-08-24,INR,USD,0.012642
2024-08-25,USD,USD,1.0
2024-08-25,INR,USD,0.012651
2024-08-26,USD,USD,1.0
2024-08-26,INR,USD,0.01266
2024-08-27,USD,USD,1.0
2024-08-27,INR,USD,0.012675
2024-08-28,USD,USD,1.0
2024-08-28,INR,USD,0.012678
2024-08-29,USD,USD,1.0
2024-08-29,INR,USD,0.012695
2024-08-30,USD,USD,1.0
2024-08-30,INR,USD,0.012713
2024-08-31,USD,USD,1.0
2024-08-31,INR,USD,0.012727
2024-09-01,USD,USD,1.0
2024-09-01,INR,USD,0.01274
2024-09-02,USD,USD,1.0
2024-09-02,INR,USD,0.012752
2024-09-03,USD,USD,1.0
2024-09-03,INR,USD,0.012735
2024-09-04,USD,USD,1.0
2024-09-04,INR,USD,0.012742
2024-09-05,USD,USD,1.0
2024-09-05,INR,USD,0.012723
2024-09-06,USD,USD,1.0
2024-09-06,INR,USD,0.012713
2024-09-07,USD,USD,1.0
2024-09-07,INR,USD,0.012727
2024-09-08,USD,USD,1.0
2024-09-08,INR,USD,0.012716
2024-09-09,USD,USD,1.0
2024-09-09,INR,USD,0.012735
2024-09-10,USD,USD,1.0
2024-09-10,INR,USD,0.012734
2024-09-11,USD,USD,1.0
2024-09-11,INR,USD,0.012739
2024-09-12,USD,USD,1.0
2024-09-12,INR,USD,0.012723
2024-09-13,USD,USD,1.0
2024-09-13,INR,USD,0.012738
2024-09-14,USD,USD,1.0
2024-09-14,INR,USD,0.012727
2024-09-15,USD,USD,1.0
2024-09-15,INR,USD,0.012719
2024-09-16,USD,USD,1.0
2024-09-16,INR,USD,0.012705
2024-09-17,USD,USD,1.0
2024-09-17,INR,USD,0.012711
2024-09-18,USD,USD,1.0
2024-09-18,INR,USD,0.012693
2024-09-19,USD,USD,1.0
2024-09-19,INR,USD,0.012675
2024-09-20,USD,USD,1.0
2024-09-20,INR,USD,0.012667
2024-09-21,USD,USD,1.0
2024-09-21,INR,USD,0.012667
2024-09-22,USD,USD,1.0
2024-09-22,INR,USD,0.012659
2024-09-23,USD,USD,1.0
2024-09-23,INR,USD,0.012661
2024-09-24,USD,USD,1.0
2024-09-24,INR,USD,0.012669
2024-09-25,USD,USD,1.0
2024-09-25,INR,USD,0.012665
2024-09-26,USD,USD,1.0
2024-09-26,INR,USD,0.012653
2024-09-27,USD,USD,1.0
2024-09-27,INR,USD,0.012669
2024-09-28,USD,USD,1.0
2024-09-28,INR,USD,0.012687
2024-09-29,USD,USD,1.0
2024-09-29,INR,USD,0.012706
2024-09-30,USD,USD,1.0
2024-09-30,INR,USD,0.0127
2024-10-01,USD,USD,1.0
2024-10-01,INR,USD,0.012709
2024-10-02,USD,USD,1.0
2024-10-02,INR,USD,0.012712
2024-10-03,USD,USD,1.0
2024-10-03,INR,USD,0.012718
2024-10-04,USD,USD,1.0
2024-10-04,INR,USD,0.012728
2024-10-05,USD,USD,1.0
2024-10-05,INR,USD,0.012732
2024-10-06,USD,USD,1.0
2024-10-06,INR,USD,0.012718
2024-10-07,USD,USD,1.0
2024-10-07,INR,USD,0.012732
2024-10-08,USD,USD,1.0
2024-10-08,INR,USD,0.012751
2024-10-09,USD,USD,1.0
2024-10-09,INR,USD,0.01276
2024-10-10,USD,USD,1.0
2024-10-10,INR,USD,0.012742
2024-10-11,USD,USD,1.0
2024-10-11,INR,USD,0.012731
2024-10-12,USD,USD,1.0
2024-10-12,INR,USD,0.012724
2024-10-13,USD,USD,1.0
2024-10-13,INR,USD,0.012737
2024-10-14,USD,USD,1.0
2024-10-14,INR,USD,0.01274
2024-10-15,USD,USD,1.0
2024-10-15,INR,USD,0.012723
2024-10-16,USD,USD,1.0
2024-10-16,INR,USD,0.012734
2024-10-17,USD,USD,1.0
2024-10-17,INR,USD,0.01274
2024-10-18,USD,USD,1.0
2024-10-18,INR,USD,0.012733
2024-10-19,USD,USD,1.0
2024-10-19,INR,USD,0.012731
2024-10-20,USD,USD,1.0
2024-10-20,INR,USD,0.012715
2024-10-21,USD,USD,1.0
2024-10-21,INR,USD,0.012706
2024-10-22,USD,USD,1.0
2024-10-22,INR,USD,0.012702
2024-10-23,USD,USD,1.0
2024-10-23,INR,USD,0.012715
2024-10-24,USD,USD,1.0
2024-10-24,INR,USD,0.012705
2024-10-25,USD,USD,1.0
2024-10-25,INR,USD,0.012717
2024-10-26,USD,USD,1.0
2024-10-26,INR,USD,0.01272
2024-10-27,USD,USD,1.0
2024-10-27,INR,USD,0.012725
2024-10-28,USD,USD,1.0
2024-10-28,INR,USD,0.012737
2024-10-29,USD,USD,1.0
2024-10-29,INR,USD,0.012726
2024-10-30,USD,USD,1.0
2024-10-30,INR,USD,0.012743
2024-10-31,USD,USD,1.0
2024-10-31,INR,USD,0.012724
2024-11-01,USD,USD,1.0
2024-11-01,INR,USD,0.012705
2024-11-02,USD,USD,1.0
2024-11-02,INR,USD,0.012708
2024-11-03,USD,USD,1.0
2024-11-03,INR,USD,0.012726
2024-11-04,USD,USD,1.0
2024-11-04,INR,USD,0.012745
2024-11-05,USD,USD,1.0
2024-11-05,INR,USD,0.01273
2024-11-06,USD,USD,1.0
2024-11-06,INR,USD,0.012731
2024-11-07,USD,USD,1.0
2024-11-07,INR,USD,0.012739
2024-11-08,USD,USD,1.0
2024-11-08,INR,USD,0.012732
2024-11-09,USD,USD,1.0
2024-11-09,INR,USD,0.012723
2024-11-10,USD,USD,1.0
2024-11-10,INR,USD,0.012714
2024-11-11,USD,USD,1.0
2024-11-11,INR,USD,0.012717
2024-11-12,USD,USD,1.0
2024-11-12,INR,USD,0.012737
2024-11-13,USD,USD,1.0
2024-11-13,INR,USD,0.012743
2024-11-14,USD,USD,1.0
2024-11-14,INR,USD,0.012731
2024-11-15,USD,USD,1.0
2024-11-15,INR,USD,0.012746
2024-11-16,USD,USD,1.0
2024-11-16,INR,USD,0.012729
2024-11-17,USD,USD,1.0
2024-11-17,INR,USD,0.012742
2024-11-18,USD,USD,1.0
2024-11-18,INR,USD,0.01275
2024-11-19,USD,USD,1.0
2024-11-19,INR,USD,0.012735
2024-11-20,USD,USD,1.0
2024-11-20,INR,USD,0.012725
2024-11-21,USD,USD,1.0
2024-11-21,INR,USD,0.01271
2024-11-22,USD,USD,1.0
2024-11-22,INR,USD,0.012691
2024-11-23,USD,USD,1.0
2024-11-23,INR,USD,0.01269
2024-11-24,USD,USD,1.0
2024-11-24,INR,USD,0.012677
2024-11-25,USD,USD,1.0
2024-11-25,INR,USD,0.012662
2024-11-26,USD,USD,1.0
2024-11-26,INR,USD,0.01266
2024-11-27,USD,USD,1.0
2024-11-27,INR,USD,0.012673
2024-11-28,USD,USD,1.0
2024-11-28,INR,USD,0.012677
2024-11-29,USD,USD,1.0
2024-11-29,INR,USD,0.012672
2024-11-30,USD,USD,1.0
2024-11-30,INR,USD,0.012666
2024-12-01,USD,USD,1.0
2024-12-01,INR,USD,0.012662
2024-12-02,USD,USD,1.0
2024-12-02,INR,USD,0.012676
2024-12-03,USD,USD,1.0
2024-12-03,INR,USD,0.012677
2024-12-04,USD,USD,1.0
2024-12-04,INR,USD,0.012663
2024-12-05,USD,USD,1.0
2024-12-05,INR,USD,0.012669
2024-12-06,USD,USD,1.0
2024-12-06,INR,USD,0.012674
2024-12-07,USD,USD,1.0
2024-12-07,INR,USD,0.012668
2024-12-08,USD,USD,1.0
2024-12-08,INR,USD,0.012686
2024-12-09,USD,USD,1.0
2024-12-09,INR,USD,0.012679
2024-12-10,USD,USD,1.0
2024-12-10,INR,USD,0.012688
2024-12-11,USD,USD,1.0
2024-12-11,INR,USD,0.012699
2024-12-12,USD,USD,1.0
2024-12-12,INR,USD,0.012694
2024-12-13,USD,USD,1.0
2024-12-13,INR,USD,0.012686
2024-12-14,USD,USD,1.0
2024-12-14,INR,USD,0.01268
2024-12-15,USD,USD,1.0
2024-12-15,INR,USD,0.01268
2024-12-16,USD,USD,1.0
2024-12-16,INR,USD,0.012695
2024-12-17,USD,USD,1.0
2024-12-17,INR,USD,0.012679
2024-12-18,USD,USD,1.0
2024-12-18,INR,USD,0.01266
2024-12-19,USD,USD,1.0
2024-12-19,INR,USD,0.012653
2024-12-20,USD,USD,1.0
2024-12-20,INR,USD,0.012651
2024-12-21,USD,USD,1.0
2024-12-21,INR,USD,0.012663
2024-12-22,USD,USD,1.0
2024-12-22,INR,USD,0.012676
2024-12-23,USD,USD,1.0
2024-12-23,INR,USD,0.012673
2024-12-24,USD,USD,1.0
2024-12-24,INR,USD,0.012661
2024-12-25,USD,USD,1.0
2024-12-25,INR,USD,0.012676
2024-12-26,USD,USD,1.0
2024-12-26,INR,USD,0.01268
2024-12-27,USD,USD,1.0
2024-12-27,INR,USD,0.012677
2024-12-28,USD,USD,1.0
2024-12-28,INR,USD,0.012676
2024-12-29,USD,USD,1.0
2024-12-29,INR,USD,0.012662
2024-12-30,USD,USD,1.0
2024-12-30,INR,USD,0.012665
2024-12-31,USD,USD,1.0
2024-12-31,INR,USD,0.01268
2025-01-01,USD,USD,1.0
2025-01-01,INR,USD,0.012665
2025-01-02,USD,USD,1.0
2025-01-02,INR,USD,0.01265
2025-01-03,USD,USD,1.0
2025-01-03,INR,USD,0.012657
2025-01-04,USD,USD,1.0
2025-01-04,INR,USD,0.012648
2025-01-05,USD,USD,1.0
2025-01-05,INR,USD,0.012639
2025-01-06,USD,USD,1.0
2025-01-06,INR,USD,0.012648
2025-01-07,USD,USD,1.0
2025-01-07,INR,USD,0.012636
2025-01-08,USD,USD,1.0
2025-01-08,INR,USD,0.012642
2025-01-09,USD,USD,1.0
2025-01-09,INR,USD,0.012629
2025-01-10,USD,USD,1.0
2025-01-10,INR,USD,0.012621
2025-01-11,USD,USD,1.0
2025-01-11,INR,USD,0.012619
2025-01-12,USD,USD,1.0
2025-01-12,INR,USD,0.01262
2025-01-13,USD,USD,1.0
2025-01-13,INR,USD,0.012639
2025-01-14,USD,USD,1.0
2025-01-14,INR,USD,0.012657
2025-01-15,USD,USD,1.0
2025-01-15,INR,USD,0.012663
2025-01-16,USD,USD,1.0
2025-01-16,INR,USD,0.012644
2025-01-17,USD,USD,1.0
2025-01-17,INR,USD,0.012626
2025-01-18,USD,USD,1.0
2025-01-18,INR,USD,0.012636
2025-01-19,USD,USD,1.0
2025-01-19,INR,USD,0.012653
2025-01-20,USD,USD,1.0
2025-01-20,INR,USD,0.012652
2025-01-21,USD,USD,1.0
2025-01-21,INR,USD,0.012672
2025-01-22,USD,USD,1.0
2025-01-22,INR,USD,0.012667
2025-01-23,USD,USD,1.0
2025-01-23,INR,USD,0.012675
2025-01-24,USD,USD,1.0
2025-01-24,INR,USD,0.012676
2025-01-25,USD,USD,1.0
2025-01-25,INR,USD,0.012673
2025-01-26,USD,USD,1.0
2025-01-26,INR,USD,0.012657
2025-01-27,USD,USD,1.0
2025-01-27,INR,USD,0.012669
2025-01-28,USD,USD,1.0
2025-01-28,INR,USD,0.012674
2025-01-29,USD,USD,1.0
2025-01-29,INR,USD,0.012687
2025-01-30,USD,USD,1.0
2025-01-30,INR,USD,0.012688
2025-01-31,USD,USD,1.0
2025-01-31,INR,USD,0.012683
2025-02-01,USD,USD,1.0
2025-02-01,INR,USD,0.012701
2025-02-02,USD,USD,1.0
2025-02-02,INR,USD,0.012691
2025-02-03,USD,USD,1.0
2025-02-03,INR,USD,0.012697
2025-02-04,USD,USD,1.0
2025-02-04,INR,USD,0.012716
2025-02-05,USD,USD,1.0
2025-02-05,INR,USD,0.012697
2025-02-06,USD,USD,1.0
2025-02-06,INR,USD,0.012683
2025-02-07,USD,USD,1.0
2025-02-07,INR,USD,0.012676
2025-02-08,USD,USD,1.0
2025-02-08,INR,USD,0.012679
2025-02-09,USD,USD,1.0
2025-02-09,INR,USD,0.012683
2025-02-10,USD,USD,1.0
2025-02-10,INR,USD,0.012683
2025-02-11,USD,USD,1.0
2025-02-11,INR,USD,0.012673
2025-02-12,USD,USD,1.0
2025-02-12,INR,USD,0.012686
2025-02-13,USD,USD,1.0
2025-02-13,INR,USD,0.012669
2025-02-14,USD,USD,1.0
2025-02-14,INR,USD,0.012664
2025-02-15,USD,USD,1.0
2025-02-15,INR,USD,0.012678
2025-02-16,USD,USD,1.0
2025-02-16,INR,USD,0.012669
2025-02-17,USD,USD,1.0
2025-02-17,INR,USD,0.012679
2025-02-18,USD,USD,1.0
2025-02-18,INR,USD,0.012692
2025-02-19,USD,USD,1.0
2025-02-19,INR,USD,0.012698
2025-02-20,USD,USD,1.0
2025-02-20,INR,USD,0.012692
2025-02-21,USD,USD,1.0
2025-02-21,INR,USD,0.0127
2025-02-22,USD,USD,1.0
2025-02-22,INR,USD,0.012704
2025-02-23,USD,USD,1.0
2025-02-23,INR,USD,0.012693
2025-02-24,USD,USD,1.0
2025-02-24,INR,USD,0.01269
2025-02-25,USD,USD,1.0
2025-02-25,INR,USD,0.012709
2025-02-26,USD,USD,1.0
2025-02-26,INR,USD,0.012706
2025-02-27,USD,USD,1.0
2025-02-27,INR,USD,0.012703
2025-02-28,USD,USD,1.0
2025-02-28,INR,USD,0.0127
2025-03-01,USD,USD,1.0
2025-03-01,INR,USD,0.012684
2025-03-02,USD,USD,1.0
2025-03-02,INR,USD,0.012679
2025-03-03,USD,USD,1.0
2025-03-03,INR,USD,0.01268
2025-03-04,USD,USD,1.0
2025-03-04,INR,USD,0.012686
2025-03-05,USD,USD,1.0
2025-03-05,INR,USD,0.012679
2025-03-06,USD,USD,1.0
2025-03-06,INR,USD,0.012698
2025-03-07,USD,USD,1.0
2025-03-07,INR,USD,0.012709
2025-03-08,USD,USD,1.0
2025-03-08,INR,USD,0.0127
2025-03-09,USD,USD,1.0
2025-03-09,INR,USD,0.012682
2025-03-10,USD,USD,1.0
2025-03-10,INR,USD,0.012695
2025-03-11,USD,USD,1.0
2025-03-11,INR,USD,0.012694
2025-03-12,USD,USD,1.0
2025-03-12,INR,USD,0.012675
2025-03-13,USD,USD,1.0
2025-03-13,INR,USD,0.012673
2025-03-14,USD,USD,1.0
2025-03-14,INR,USD,0.01268
2025-03-15,USD,USD,1.0
2025-03-15,INR,USD,0.012696
2025-03-16,USD,USD,1.0
2025-03-16,INR,USD,0.012693
2025-03-17,USD,USD,1.0
2025-03-17,INR,USD,0.012708
2025-03-18,USD,USD,1.0
2025-03-18,INR,USD,0.012709
2025-03-19,USD,USD,1.0
2025-03-19,INR,USD,0.012713
2025-03-20,USD,USD,1.0
2025-03-20,INR,USD,0.012725
2025-03-21,USD,USD,1.0
2025-03-21,INR,USD,0.012727
2025-03-22,USD,USD,1.0
2025-03-22,INR,USD,0.012719
2025-03-23,USD,USD,1.0
2025-03-23,INR,USD,0.012725
2025-03-24,USD,USD,1.0
2025-03-24,INR,USD,0.012737
2025-03-25,USD,USD,1.0
2025-03-25,INR,USD,0.012718
2025-03-26,USD,USD,1.0
2025-03-26,INR,USD,0.012702
2025-03-27,USD,USD,1.0
2025-03-27,INR,USD,0.012683
2025-03-28,USD,USD,1.0
2025-03-28,INR,USD,0.012699
2025-03-29,USD,USD,1.0
2025-03-29,INR,USD,0.01269
2025-03-30,USD,USD,1.0
2025-03-30,INR,USD,0.012675
2025-03-31,USD,USD,1.0
2025-03-31,INR,USD,0.012673
2025-04-01,USD,USD,1.0
2025-04-01,INR,USD,0.012658
2025-04-02,USD,USD,1.0
2025-04-02,INR,USD,0.012665
2025-04-03,USD,USD,1.0
2025-04-03,INR,USD,0.012653
2025-04-04,USD,USD,1.0
2025-04-04,INR,USD,0.012665
2025-04-05,USD,USD,1.0
2025-04-05,INR,USD,0.01268
2025-04-06,USD,USD,1.0
2025-04-06,INR,USD,0.012677
2025-04-07,USD,USD,1.0
2025-04-07,INR,USD,0.012678
2025-04-08,USD,USD,1.0
2025-04-08,INR,USD,0.012682
2025-04-09,USD,USD,1.0
2025-04-09,INR,USD,0.012672
2025-04-10,USD,USD,1.0
2025-04-10,INR,USD,0.012655
2025-04-11,USD,USD,1.0
2025-04-11,INR,USD,0.01267
2025-04-12,USD,USD,1.0
2025-04-12,INR,USD,0.01268
2025-04-13,USD,USD,1.0
2025-04-13,INR,USD,0.012676
2025-04-14,USD,USD,1.0
2025-04-14,INR,USD,0.012673
2025-04-15,USD,USD,1.0
2025-04-15,INR,USD,0.012667
2025-04-16,USD,USD,1.0
2025-04-16,INR,USD,0.012681
2025-04-17,USD,USD,1.0
2025-04-17,INR,USD,0.012682
2025-04-18,USD,USD,1.0
2025-04-18,INR,USD,0.012689
2025-04-19,USD,USD,1.0
2025-04-19,INR,USD,0.012703
2025-04-20,USD,USD,1.0
2025-04-20,INR,USD,0.012687
2025-04-21,USD,USD,1.0
2025-04-21,INR,USD,0.012701
2025-04-22,USD,USD,1.0
2025-04-22,INR,USD,0.01269
2025-04-23,USD,USD,1.0
2025-04-23,INR,USD,0.012681
2025-04-24,USD,USD,1.0
2025-04-24,INR,USD,0.012685
2025-04-25,USD,USD,1.0
2025-04-25,INR,USD,0.012699
2025-04-26,USD,USD,1.0
2025-04-26,INR,USD,0.0127
2025-04-27,USD,USD,1.0
2025-04-27,INR,USD,0.012692
2025-04-28,USD,USD,1.0
2025-04-28,INR,USD,0.012691
2025-04-29,USD,USD,1.0
2025-04-29,INR,USD,0.012688
2025-04-30,USD,USD,1.0
2025-04-30,INR,USD,0.012702
2025-05-01,USD,USD,1.0
2025-05-01,INR,USD,0.012685
2025-05-02,USD,USD,1.0
2025-05-02,INR,USD,0.012666
2025-05-03,USD,USD,1.0
2025-05-03,INR,USD,0.012683
2025-05-04,USD,USD,1.0
2025-05-04,INR,USD,0.012675
2025-05-05,USD,USD,1.0
2025-05-05,INR,USD,0.012663
2025-05-06,USD,USD,1.0
2025-05-06,INR,USD,0.012675
2025-05-07,USD,USD,1.0
2025-05-07,INR,USD,0.012678
2025-05-08,USD,USD,1.0
2025-05-08,INR,USD,0.01266
2025-05-09,USD,USD,1.0
2025-05-09,INR,USD,0.012672
2025-05-10,USD,USD,1.0
2025-05-10,INR,USD,0.012683
2025-05-11,USD,USD,1.0
2025-05-11,INR,USD,0.012691
2025-05-12,USD,USD,1.0
2025-05-12,INR,USD,0.012692
2025-05-13,USD,USD,1.0
2025-05-13,INR,USD,0.01269
2025-05-14,USD,USD,1.0
2025-05-14,INR,USD,0.01267
2025-05-15,USD,USD,1.0
2025-05-15,INR,USD,0.012655
2025-05-16,USD,USD,1.0
2025-05-16,INR,USD,0.012674
2025-05-17,USD,USD,1.0
2025-05-17,INR,USD,0.012664
2025-05-18,USD,USD,1.0
2025-05-18,INR,USD,0.012658
2025-05-19,USD,USD,1.0
2025-05-19,INR,USD,0.012657
2025-05-20,USD,USD,1.0
2025-05-20,INR,USD,0.012644
2025-05-21,USD,USD,1.0
2025-05-21,INR,USD,0.012656
2025-05-22,USD,USD,1.0
2025-05-22,INR,USD,0.012639
2025-05-23,USD,USD,1.0
2025-05-23,INR,USD,0.012634
2025-05-24,USD,USD,1.0
2025-05-24,INR,USD,0.012645
2025-05-25,USD,USD,1.0
2025-05-25,INR,USD,0.012658
2025-05-26,USD,USD,1.0
2025-05-26,INR,USD,0.012662
2025-05-27,USD,USD,1.0
2025-05-27,INR,USD,0.012669
2025-05-28,USD,USD,1.0
2025-05-28,INR,USD,0.012671
2025-05-29,USD,USD,1.0
2025-05-29,INR,USD,0.012681
2025-05-30,USD,USD,1.0
2025-05-30,INR,USD,0.012674
2025-05-31,USD,USD,1.0
2025-05-31,INR,USD,0.012675
2025-06-01,USD,USD,1.0
2025-06-01,INR,USD,0.012672
2025-06-02,USD,USD,1.0
2025-06-02,INR,USD,0.012668
2025-06-03,USD,USD,1.0
2025-06-03,INR,USD,0.012682
2025-06-04,USD,USD,1.0
2025-06-04,INR,USD,0.0127
2025-06-05,USD,USD,1.0
2025-06-05,INR,USD,0.012699
2025-06-06,USD,USD,1.0
2025-06-06,INR,USD,0.012716
2025-06-07,USD,USD,1.0
2025-06-07,INR,USD,0.012735
2025-06-08,USD,USD,1.0
2025-06-08,INR,USD,0.012726
2025-06-09,USD,USD,1.0
2025-06-09,INR,USD,0.012714
2025-06-10,USD,USD,1.0
2025-06-10,INR,USD,0.012733
2025-06-11,USD,USD,1.0
2025-06-11,INR,USD,0.01274
2025-06-12,USD,USD,1.0
2025-06-12,INR,USD,0.012722
2025-06-13,USD,USD,1.0
2025-06-13,INR,USD,0.012732
2025-06-14,USD,USD,1.0
2025-06-14,INR,USD,0.01273
2025-06-15,USD,USD,1.0
2025-06-15,INR,USD,0.012722
2025-06-16,USD,USD,1.0
2025-06-16,INR,USD,0.012716
2025-06-17,USD,USD,1.0
2025-06-17,INR,USD,0.012713
2025-06-18,USD,USD,1.0
2025-06-18,INR,USD,0.012706
2025-06-19,USD,USD,1.0
2025-06-19,INR,USD,0.012702
2025-06-20,USD,USD,1.0
2025-06-20,INR,USD,0.01271
2025-06-21,USD,USD,1.0
2025-06-21,INR,USD,0.0127
2025-06-22,USD,USD,1.0
2025-06-22,INR,USD,0.012694
2025-06-23,USD,USD,1.0
2025-06-23,INR,USD,0.012697
2025-06-24,USD,USD,1.0
2025-06-24,INR,USD,0.012689
2025-06-25,USD,USD,1.0
2025-06-25,INR,USD,0.01269
2025-06-26,USD,USD,1.0
2025-06-26,INR,USD,0.012678
2025-06-27,USD,USD,1.0
2025-06-27,INR,USD,0.012664
2025-06-28,USD,USD,1.0
2025-06-28,INR,USD,0.012662
2025-06-29,USD,USD,1.0
2025-06-29,INR,USD,0.012648
2025-06-30,USD,USD,1.0
2025-06-30,INR,USD,0.01263
2025-07-01,USD,USD,1.0
2025-07-01,INR,USD,0.012638
2025-07-02,USD,USD,1.0
2025-07-02,INR,USD,0.012646
2025-07-03,USD,USD,1.0
2025-07-03,INR,USD,0.012644
2025-07-04,USD,USD,1.0
2025-07-04,INR,USD,0.012634
2025-07-05,USD,USD,1.0
2025-07-05,INR,USD,0.012623
2025-07-06,USD,USD,1.0
2025-07-06,INR,USD,0.012605
2025-07-07,USD,USD,1.0
2025-07-07,INR,USD,0.012611
2025-07-08,USD,USD,1.0
2025-07-08,INR,USD,0.012597
2025-07-09,USD,USD,1.0
2025-07-09,INR,USD,0.012608
2025-07-10,USD,USD,1.0
2025-07-10,INR,USD,0.012625
2025-07-11,USD,USD,1.0
2025-07-11,INR,USD,0.012637
2025-07-12,USD,USD,1.0
2025-07-12,INR,USD,0.012646
2025-07-13,USD,USD,1.0
2025-07-13,INR,USD,0.012656
2025-07-14,USD,USD,1.0
2025-07-14,INR,USD,0.01264
2025-07-15,USD,USD,1.0
2025-07-15,INR,USD,0.012653
2025-07-16,USD,USD,1.0
2025-07-16,INR,USD,0.012652
2025-07-17,USD,USD,1.0
2025-07-17,INR,USD,0.012661
2025-07-18,USD,USD,1.0
2025-07-18,INR,USD,0.012666
2025-07-19,USD,USD,1.0
2025-07-19,INR,USD,0.012647
2025-07-20,USD,USD,1.0
2025-07-20,INR,USD,0.012664
2025-07-21,USD,USD,1.0
2025-07-21,INR,USD,0.012671
2025-07-22,USD,USD,1.0
2025-07-22,INR,USD,0.012679
2025-07-23,USD,USD,1.0
2025-07-23,INR,USD,0.012683
2025-07-24,USD,USD,1.0
2025-07-24,INR,USD,0.012698
2025-07-25,USD,USD,1.0
2025-07-25,INR,USD,0.012697
2025-07-26,USD,USD,1.0
2025-07-26,INR,USD,0.012683
2025-07-27,USD,USD,1.0
2025-07-27,INR,USD,0.012675
2025-07-28,USD,USD,1.0
2025-07-28,INR,USD,0.012669
2025-07-29,USD,USD,1.0
2025-07-29,INR,USD,0.012688
2025-07-30,USD,USD,1.0
2025-07-30,INR,USD,0.012698
2025-07-31,USD,USD,1.0
2025-07-31,INR,USD,0.012699
2025-08-01,USD,USD,1.0
2025-08-01,INR,USD,0.012689
2025-08-02,USD,USD,1.0
2025-08-02,INR,USD,0.012682
2025-08-03,USD,USD,1.0
2025-08-03,INR,USD,0.012693
2025-08-04,USD,USD,1.0
2025-08-04,INR,USD,0.012705
2025-08-05,USD,USD,1.0
2025-08-05,INR,USD,0.012703
2025-08-06,USD,USD,1.0
2025-08-06,INR,USD,0.012721
2025-08-07,USD,USD,1.0
2025-08-07,INR,USD,0.012734
2025-08-08,USD,USD,1.0
2025-08-08,INR,USD,0.01274
2025-08-09,USD,USD,1.0
2025-08-09,INR,USD,0.012743
2025-08-10,USD,USD,1.0
2025-08-10,INR,USD,0.012743
2025-08-11,USD,USD,1.0
2025-08-11,INR,USD,0.012751
2025-08-12,USD,USD,1.0
2025-08-12,INR,USD,0.012744
2025-08-13,USD,USD,1.0
2025-08-13,INR,USD,0.012751
2025-08-14,USD,USD,1.0
2025-08-14,INR,USD,0.012745
2025-08-15,USD,USD,1.0
2025-08-15,INR,USD,0.012736
2025-08-16,USD,USD,1.0
2025-08-16,INR,USD,0.012732
2025-08-17,USD,USD,1.0
2025-08-17,INR,USD,0.012717
2025-08-18,USD,USD,1.0
2025-08-18,INR,USD,0.012704
2025-08-19,USD,USD,1.0
2025-08-19,INR,USD,0.012703
2025-08-20,USD,USD,1.0
2025-08-20,INR,USD,0.012687
2025-08-21,USD,USD,1.0
2025-08-21,INR,USD,0.012686
2025-08-22,USD,USD,1.0
2025-08-22,INR,USD,0.012679
2025-08-23,USD,USD,1.0
2025-08-23,INR,USD,0.012698
2025-08-24,USD,USD,1.0
2025-08-24,INR,USD,0.012712
2025-08-25,USD,USD,1.0
2025-08-25,INR,USD,0.012705
2025-08-26,USD,USD,1.0
2025-08-26,INR,USD,0.012713
2025-08-27,USD,USD,1.0
2025-08-27,INR,USD,0.012729
2025-08-28,USD,USD,1.0
2025-08-28,INR,USD,0.012717
2025-08-29,USD,USD,1.0
2025-08-29,INR,USD,0.012717
2025-08-30,USD,USD,1.0
2025-08-30,INR,USD,0.012732
2025-08-31,USD,USD,1.0
2025-08-31,INR,USD,0.012743
2025-09-01,USD,USD,1.0
2025-09-01,INR,USD,0.012747
2025-09-02,USD,USD,1.0
2025-09-02,INR,USD,0.012745
2025-09-03,USD,USD,1.0
2025-09-03,INR,USD,0.012762
2025-09-04,USD,USD,1.0
2025-09-04,INR,USD,0.01278
2025-09-05,USD,USD,1.0
2025-09-05,INR,USD,0.012766
2025-09-06,USD,USD,1.0
2025-09-06,INR,USD,0.01275
2025-09-07,USD,USD,1.0
2025-09-07,INR,USD,0.012768
2025-09-08,USD,USD,1.0
2025-09-08,INR,USD,0.012757
2025-09-09,USD,USD,1.0
2025-09-09,INR,USD,0.01275
2025-09-10,USD,USD,1.0
2025-09-10,INR,USD,0.012736
2025-09-11,USD,USD,1.0
2025-09-11,INR,USD,0.012737
2025-09-12,USD,USD,1.0
2025-09-12,INR,USD,0.01272
2025-09-13,USD,USD,1.0
2025-09-13,INR,USD,0.012729
2025-09-14,USD,USD,1.0
2025-09-14,INR,USD,0.012737
2025-09-15,USD,USD,1.0
2025-09-15,INR,USD,0.012752
2025-09-16,USD,USD,1.0
2025-09-16,INR,USD,0.012732
2025-09-17,USD,USD,1.0
2025-09-17,INR,USD,0.01273
2025-09-18,USD,USD,1.0
2025-09-18,INR,USD,0.012745
2025-09-19,USD,USD,1.0
2025-09-19,INR,USD,0.012743
2025-09-20,USD,USD,1.0
2025-09-20,INR,USD,0.012723
2025-09-21,USD,USD,1.0
2025-09-21,INR,USD,0.012732
2025-09-22,USD,USD,1.0
2025-09-22,INR,USD,0.012738
2025-09-23,USD,USD,1.0
2025-09-23,INR,USD,0.012757
2025-09-24,USD,USD,1.0
2025-09-24,INR,USD,0.012762
2025-09-25,USD,USD,1.0
2025-09-25,INR,USD,0.012767
2025-09-26,USD,USD,1.0
2025-09-26,INR,USD,0.012769
2025-09-27,USD,USD,1.0
2025-09-27,INR,USD,0.012775
2025-09-28,USD,USD,1.0
2025-09-28,INR,USD,0.012765
2025-09-29,USD,USD,1.0
2025-09-29,INR,USD,0.012768
2025-09-30,USD,USD,1.0
2025-09-30,INR,USD,0.012772
2025-10-01,USD,USD,1.0
2025-10-01,INR,USD,0.012783
2025-10-02,USD,USD,1.0
2025-10-02,INR,USD,0.012764
2025-10-03,USD,USD,1.0
2025-10-03,INR,USD,0.012748
2025-10-04,USD,USD,1.0
2025-10-04,INR,USD,0.012767
2025-10-05,USD,USD,1.0
2025-10-05,INR,USD,0.01275
2025-10-06,USD,USD,1.0
2025-10-06,INR,USD,0.01276
2025-10-07,USD,USD,1.0
2025-10-07,INR,USD,0.012761
2025-10-08,USD,USD,1.0
2025-10-08,INR,USD,0.012745
2025-10-09,USD,USD,1.0
2025-10-09,INR,USD,0.01274
2025-10-10,USD,USD,1.0
2025-10-10,INR,USD,0.012748
2025-10-11,USD,USD,1.0
2025-10-11,INR,USD,0.012745
2025-10-12,USD,USD,1.0
2025-10-12,INR,USD,0.012746
2025-10-13,USD,USD,1.0
2025-10-13,INR,USD,0.012731
2025-10-14,USD,USD,1.0
2025-10-14,INR,USD,0.012743
2025-10-15,USD,USD,1.0
2025-10-15,INR,USD,0.012748
2025-10-16,USD,USD,1.0
2025-10-16,INR,USD,0.012733
2025-10-17,USD,USD,1.0
2025-10-17,INR,USD,0.012729
2025-10-18,USD,USD,1.0
2025-10-18,INR,USD,0.012714
2025-10-19,USD,USD,1.0
2025-10-19,INR,USD,0.0127
2025-10-20,USD,USD,1.0
2025-10-20,INR,USD,0.01269
2025-10-21,USD,USD,1.0
2025-10-21,INR,USD,0.01271
2025-10-22,USD,USD,1.0
2025-10-22,INR,USD,0.012707
2025-10-23,USD,USD,1.0
2025-10-23,INR,USD,0.012696
2025-10-24,USD,USD,1.0
2025-10-24,INR,USD,0.012714
2025-10-25,USD,USD,1.0
2025-10-25,INR,USD,0.012725
2025-10-26,USD,USD,1.0
2025-10-26,INR,USD,0.012744
2025-10-27,USD,USD,1.0
2025-10-27,INR,USD,0.012754
2025-10-28,USD,USD,1.0
2025-10-28,INR,USD,0.012745
2025-10-29,USD,USD,1.0
2025-10-29,INR,USD,0.012739
2025-10-30,USD,USD,1.0
2025-10-30,INR,USD,0.012719
2025-10-31,USD,USD,1.0
2025-10-31,INR,USD,0.012719
2025-11-01,USD,USD,1.0
2025-11-01,INR,USD,0.012726
2025-11-02,USD,USD,1.0
2025-11-02,INR,USD,0.01272
2025-11-03,USD,USD,1.0
2025-11-03,INR,USD,0.01273
2025-11-04,USD,USD,1.0
2025-11-04,INR,USD,0.012742
2025-11-05,USD,USD,1.0
2025-11-05,INR,USD,0.012726
2025-11-06,USD,USD,1.0
2025-11-06,INR,USD,0.012731
2025-11-07,USD,USD,1.0
2025-11-07,INR,USD,0.012745
2025-11-08,USD,USD,1.0
2025-11-08,INR,USD,0.01273
2025-11-09,USD,USD,1.0
2025-11-09,INR,USD,0.012712
2025-11-10,USD,USD,1.0
2025-11-10,INR,USD,0.012705
2025-11-11,USD,USD,1.0
2025-11-11,INR,USD,0.012687
2025-11-12,USD,USD,1.0
2025-11-12,INR,USD,0.012695
2025-11-13,USD,USD,1.0
2025-11-13,INR,USD,0.012697
2025-11-14,USD,USD,1.0
2025-11-14,INR,USD,0.012704
2025-11-15,USD,USD,1.0
2025-11-15,INR,USD,0.012715
2025-11-16,USD,USD,1.0
2025-11-16,INR,USD,0.012724
2025-11-17,USD,USD,1.0
2025-11-17,INR,USD,0.012726
2025-11-18,USD,USD,1.0
2025-11-18,INR,USD,0.012735
2025-11-19,USD,USD,1.0
2025-11-19,INR,USD,0.012737
2025-11-20,USD,USD,1.0
2025-11-20,INR,USD,0.012735
2025-11-21,USD,USD,1.0
2025-11-21,INR,USD,0.012719
2025-11-22,USD,USD,1.0
2025-11-22,INR,USD,0.012726
2025-11-23,USD,USD,1.0
2025-11-23,INR,USD,0.012739
2025-11-24,USD,USD,1.0
2025-11-24,INR,USD,0.012739
2025-11-25,USD,USD,1.0
2025-11-25,INR,USD,0.012752
2025-11-26,USD,USD,1.0
2025-11-26,INR,USD,0.012766
2025-11-27,USD,USD,1.0
2025-11-27,INR,USD,0.012751
2025-11-28,USD,USD,1.0
2025-11-28,INR,USD,0.01275
2025-11-29,USD,USD,1.0
2025-11-29,INR,USD,0.012757
2025-11-30,USD,USD,1.0
2025-11-30,INR,USD,0.012755
2025-12-01,USD,USD,1.0
2025-12-01,INR,USD,0.012747
2025-12-02,USD,USD,1.0
2025-12-02,INR,USD,0.012728
2025-12-03,USD,USD,1.0
2025-12-03,INR,USD,0.012725
2025-12-04,USD,USD,1.0
2025-12-04,INR,USD,0.012732
2025-12-05,USD,USD,1.0
2025-12-05,INR,USD,0.01274
2025-12-06,USD,USD,1.0
2025-12-06,INR,USD,0.012746
2025-12-07,USD,USD,1.0
2025-12-07,INR,USD,0.012758
2025-12-08,USD,USD,1.0
2025-12-08,INR,USD,0.01276
2025-12-09,USD,USD,1.0
2025-12-09,INR,USD,0.01274
2025-12-10,USD,USD,1.0
2025-12-10,INR,USD,0.012749
2025-12-11,USD,USD,1.0
2025-12-11,INR,USD,0.012739
2025-12-12,USD,USD,1.0
2025-12-12,INR,USD,0.012743
2025-12-13,USD,USD,1.0
2025-12-13,INR,USD,0.012747
2025-12-14,USD,USD,1.0
2025-12-14,INR,USD,0.012762
2025-12-15,USD,USD,1.0
2025-12-15,INR,USD,0.012751
2025-12-16,USD,USD,1.0
2025-12-16,INR,USD,0.012766
2025-12-17,USD,USD,1.0
2025-12-17,INR,USD,0.012751
2025-12-18,USD,USD,1.0
2025-12-18,INR,USD,0.012764
2025-12-19,USD,USD,1.0
2025-12-19,INR,USD,0.01275
2025-12-20,USD,USD,1.0
2025-12-20,INR,USD,0.012763
2025-12-21,USD,USD,1.0
2025-12-21,INR,USD,0.012773
2025-12-22,USD,USD,1.0
2025-12-22,INR,USD,0.012763
2025-12-23,USD,USD,1.0
2025-12-23,INR,USD,0.012754
2025-12-24,USD,USD,1.0
2025-12-24,INR,USD,0.012764
2025-12-25,USD,USD,1.0
2025-12-25,INR,USD,0.012777
2025-12-26,USD,USD,1.0
2025-12-26,INR,USD,0.012766
